,Heading,Subheading,Publisher,Published,Found
0,"Virtu Financial LLC Invests $518,000 in Matson, Inc. (NYSE:MATX) - Defense World","The institutional investor purchased 4,729 shares of the shipping company's stock, valued at approximately $518,000. Get Matson alerts: Other hedge ...",www.defenseworld.net,2024-06-18 05:58:54,2024-06-18 15:18:04
1,SageView Advisory Group LLC Buys Shares of 9569 Sony Group Co. (NYSE:SONY),"Trust Co. of Vermont Decreases Holdings in Matson, Inc. (NYSE:MATX)- Trust Co. of Vermont Trims Stake in Community Bank System, Inc. (NYSE:CBU) ...",www.defenseworld.net,2024-06-18 05:32:11,2024-06-18 15:18:04
2,State fire assistance called in to contain the Matson Fire in Asotin County | Spokane News,"... Matson Fire spreading throughout Asotin County ... Co. Madison Seipp NonStop Local Digital Journalist; Updated Jun 12, 2024.",www.nonstoplocal.com,2024-06-17 15:15:41,2024-06-18 15:18:04
3,Richmond County sheriff defeated in runoff after 11 years in office - The Augusta Chronicle,"In the race for superior court judge in the Augusta Judicial Circuit, local attorney Charles H.S. Lyons III doubled up on challenger Matt Matson to ...",www.augustachronicle.com,2024-06-19 00:56:56,2024-06-19 13:24:58
4,"Trust Co. of Vermont Decreases Holdings in Matson, Inc. (NYSE:MATX) - Defense World",raised its position in shares of Matson by 13.4% in the fourth quarter. U S Global Investors Inc. now owns 997 shares of the shipping company's stock ...,www.defenseworld.net,2024-06-18 09:38:11,2024-06-19 13:24:58
5,Richmond County sheriff defeated in runoff after 11 years in office - The Augusta Chronicle,"In the race for superior court judge in the Augusta Judicial Circuit, local attorney Charles H.S. Lyons III doubled up on challenger Matt Matson to ...",www.augustachronicle.com,2024-06-19 05:56:56+00:00,2024-06-19 17:08:42
6,"Trust Co. of Vermont Decreases Holdings in Matson, Inc. (NYSE:MATX) - Defense World",raised its position in shares of Matson by 13.4% in the fourth quarter. U S Global Investors Inc. now owns 997 shares of the shipping company's stock ...,www.defenseworld.net,2024-06-18 14:38:11+00:00,2024-06-19 17:08:42
7,"Virtu Financial LLC Invests $518,000 in Matson, Inc. (NYSE:MATX) - Defense World","The institutional investor purchased 4,729 shares of the shipping company's stock, valued at approximately $518,000. Get Matson alerts: Other hedge ...",www.defenseworld.net,2024-06-18 10:58:54+00:00,2024-06-19 17:08:42
8,SageView Advisory Group LLC Buys Shares of 9569 Sony Group Co. (NYSE:SONY),"Trust Co. of Vermont Decreases Holdings in Matson, Inc. (NYSE:MATX)- Trust Co. of Vermont Trims Stake in Community Bank System, Inc. (NYSE:CBU) ...",www.defenseworld.net,2024-06-18 10:32:11+00:00,2024-06-19 17:08:42
9,State fire assistance called in to contain the Matson Fire in Asotin County | Spokane News,"... Matson Fire spreading throughout Asotin County ... Co. Madison Seipp NonStop Local Digital Journalist; Updated Jun 12, 2024.",www.nonstoplocal.com,2024-06-17 20:15:41+00:00,2024-06-19 17:08:42
10,Insider Selling: EVP &amp; CFO Joel Wine Sells Shares of Matson Inc (MATX) - Yahoo Finance,"Matson Inc, a transportation and logistics company, provides shipping services primarily in the Pacific. The company's fleet includes container ...",uk.finance.yahoo.com,2024-06-21 06:35:35+00:00,2024-06-21 09:08:37
11,Hanwha Agrees to Pay $100M to Acquire Philly Shipyard - The Maritime Executive,... Company and has a contract to build three LNG-fueled containerships for Matson. The total orderbook is valued at approximately $1.6 billion. Under ...,maritime-executive.com,2024-06-21 05:41:21+00:00,2024-06-21 09:08:37
12,50 Largest Companies in Every State in the US - Insider Monkey,"As of June 11, The Procter & Gamble Company (NYSE:PG) is valued at $394.97 billion in market capitalization. ... (NYSE:WMT)Matson Inc. (NYSE:MATX) ...",www.insidermonkey.com,2024-06-19 20:20:54+00:00,2024-06-21 09:08:37
13,Pictures: Winners of this year's Shropshire Chamber Awards revealed,"Tullis Matson collects the award. The company fought off competition from finalists Aico of Oswestry, and two Shrewsbury-based companies – Arrow ...",www.shropshirestar.com,2024-06-22 07:44:36+00:00,2024-06-22 09:08:31
14,Breaking Down Personalis: 4 Analysts Share Their Views - Benzinga,"... Matson, Needham, Maintains, Buy, $3.50, $3.50. Mike Matson, Needham, Maintains ... Analysts may attend company conference calls and meetings, research ...",www.benzinga.com,2024-06-22 06:12:33+00:00,2024-06-22 09:08:31
15,Hanwha acquires Philly Shipyard for $100m - Ship Technology,US shipbuilding company Philly Shipyard has sold to South ... Philly's success with US shipping companies recently included a $1bn order from Matson ...,www.ship-technology.com,2024-06-21 22:57:15+00:00,2024-06-22 09:08:31
16,Buy Rating Affirmed for Personalis Amid Advanced MRD Assay's Promising Clinical Data ...,Matson's Buy rating reflects the company's promising technological advancements and its strategic alignment with reimbursement opportunities ...,markets.businessinsider.com,2024-06-21 21:01:31+00:00,2024-06-22 09:08:31
17,ICU Medical: Hold Rating Affirmed Amid Balanced Growth Prospects and Valuation,... Matson considers fair when aligned with the company's growth trajectory. The initiation of the Hold rating reflects a balanced view of the current ...,markets.businessinsider.com,2024-06-21 16:45:28+00:00,2024-06-22 09:08:31
18,Matson share target raised on Suez Canal transit concerns - Investing.com,"(NYSE:MATX), a leading provider of ocean transportation and logistics services. The firm raised its price target on the company's shares to $136.00, ...",www.investing.com,2024-06-21 15:57:43+00:00,2024-06-22 09:08:31
19,BREAK THE CEILING TOUCH THE SKY® ANNOUNCES C-SUITE SPEAKER LINEUP FOR ...,"... Matson, Marketing Vice President, Pandora North America; Christine ... Company commented, “Gender diverse companies are financially more successful ...",themalaysianreserve.com,2024-06-21 08:55:16+00:00,2024-06-22 09:08:31
20,Returns At Matson (NYSE:MATX) Are On The Way Up - Yahoo Finance,"What Is Return On Capital Employed (ROCE)?. If you haven't worked with ROCE before, it measures the 'return' (pre-tax profit) a company generates from ...",finance.yahoo.com,2024-06-24 02:47:15+00:00,2024-06-24 08:08:27
21,Trucking company finds home in Peru - Shaw Local,"Trucking company finds home in Peru. By Stephanie Jaquins, Shaw Local News Network ... Preschool Storytime and Craft. Matson Meeting Room and You... | ...",www.shawlocal.com,2024-06-24 01:12:05+00:00,2024-06-24 08:08:27
22,"Goldman Sachs Group Inc. Sells 215339 Shares of Matson, Inc. (NYSE:MATX)","boosted its holdings in Matson by 11.2% in the 3rd quarter. American Century Companies Inc. now owns 653,613 shares of the shipping company's stock ...",www.defenseworld.net,2024-06-23 19:34:40+00:00,2024-06-24 08:08:27
23,Viking Football: Momentum Builds Through Spring for 2x State Champs + HD Highlights,"... Matson, Keagan Howard and company were at it again a few months later in an impressive jamboree-style showing that proved this group is serious ...",www.thejournal425.com,2024-06-25 07:41:58+00:00,2024-06-25 09:08:43
24,Matson (NYSE:MATX) Upgraded to “Buy” at StockNews.com - Defense World,"The shipping company reported $1.04 earnings per share for the quarter, topping analysts' consensus estimates of $0.99 by $0.05. Matson had a return ...",www.defenseworld.net,2024-06-25 07:33:31+00:00,2024-06-25 09:08:43
25,Princeton bookshop to host grand opening in new location - Shaw Local,"... Matson Building, formerly the Matson Public Library. True Leaves co-owner Angela Adams said the move will allow the business to expand its retail ...",www.shawlocal.com,2024-06-25 07:13:02+00:00,2024-06-25 09:08:43
26,Lake Stevens QB Kolton Matson Offered after MVP Showing at Western Oregon,... Matson took home Camp MVP honors and his Vikings claimed the camp championship. Kolton Matson and Keagan Howard (right) pictured with MVP merch at ...,www.thejournal425.com,2024-06-25 06:31:15+00:00,2024-06-25 09:08:43
27,'This is huge for us' says Shropshire's double-winning Company of the Year,"""We know what we do makes a difference and it's something we are proud of."" Tullis Matson and Kate Ashmore of Stallion AI. Stallion AI uses ground- ...",www.shropshirestar.com,2024-06-25 05:57:50+00:00,2024-06-25 09:08:43
28,Matson (MATX) Receives a Rating Update from a Top Analyst | Markets Insider,"The company's shares closed yesterday at $131.04. According to TipRanks, Nolan is a top 100 analyst with an average return of 19.7% and a 66.41% ...",markets.businessinsider.com,2024-06-25 05:50:46+00:00,2024-06-25 09:08:43
29,StockNews.com Upgrades Matson (NYSE:MATX) to Buy - MarketBeat,"Other analysts also recently issued research reports about the company. Stephens reissued an ""overweight"" rating and issued a $135.00 price objective ...",www.marketbeat.com,2024-06-25 04:36:20+00:00,2024-06-25 09:08:43
30,Validea Detailed Fundamental Analysis - MATX - Nasdaq,MATSON INC (MATX) is a mid-cap value stock in the Water Transportation ... Company Logo. Do Not Sell or Share My Personal Data. When you visit our ...,www.nasdaq.com,2024-06-25 02:09:59+00:00,2024-06-25 09:08:43
31,Whitchurch win as Stallion AI Shropshire Company of the Year,Tullis Matson was joined by 19 colleagues on stage at the Shropshire Business Awards on Friday night after his company – which saves and preserves ...,www.whitchurchherald.co.uk,2024-06-25 01:24:07+00:00,2024-06-25 09:08:43
32,"Aloha, Alaska Style: Pacific Islander Community Groups and Businesses","A friend's husband works for Hawai'i-based shipping company Matson, which donated two 40-foot containers. They collected donations at both ...",www.akbizmag.com,2024-06-24 22:33:06+00:00,2024-06-25 09:08:43
33,Matson (NYSE:MATX) Hits New 12-Month High at $130.08 - MarketBeat,"of Virginia increased its holdings in Matson by 1.5% during the 3rd quarter. London Co. of Virginia now owns 303,948 shares of the shipping company's ...",www.marketbeat.com,2024-06-24 17:56:42+00:00,2024-06-25 09:08:43
34,Resmed Investment Opportunity: Overreaction to SURMOUNT-OSA Trial Results Creates ...,"Michael Matson, an analyst from Needham, maintained the Buy rating on Resmed (RMD – Research Report). The associated price target remains ...",markets.businessinsider.com,2024-06-24 16:18:35+00:00,2024-06-25 09:08:43
35,"GAMMA Investing LLC Lowers Holdings in Matson, Inc. (NYSE:MATX) - Defense World",The fund owned 679 shares of the shipping company's stock after selling 114 shares during the period. GAMMA Investing LLC's holdings in Matson were ...,www.defenseworld.net,2024-06-24 14:54:33+00:00,2024-06-25 09:08:43
36,"ILWU Units Caused Business Disruption, Barge Co. Says - Law360 Employment Authority","The arbitration proceeding involved the union and Matson Navigation Co. of Alaska, which was Samson's landlord at the terminal, according to court ...",www.law360.com,2024-06-26 20:47:40+00:00,2024-06-27 09:08:38
37,"Matson, Inc. (NYSE:MATX) Shares Sold by American International Group Inc.",lifted its stake in Matson by 13.4% during the fourth quarter. U S Global Investors Inc. now owns 997 shares of the shipping company's stock valued at ...,www.defenseworld.net,2024-06-26 16:10:13+00:00,2024-06-27 09:08:38
38,Matson (NYSE:MATX) Hits New 52-Week High at $130.08 - Defense World,Matson Stock Up 0.4 %. The company's fifty day moving average price is $117.04 and its 200-day moving average price is $113.34. The stock has a ...,www.defenseworld.net,2024-06-26 13:22:22+00:00,2024-06-27 09:08:38
39,Beyond The Numbers: 6 Analysts Discuss ResMed Stock - Benzinga,"Deciphering Analyst Ratings: An In-Depth Analysis ; Mike Matson, Needham, Maintains ; Suraj Kalia, Oppenheimer, Lowers ; Craig Wong-Pan, RBC Capital ...",www.benzinga.com,2024-06-26 01:07:45+00:00,2024-06-27 09:08:38
40,Rock Island City Council approves vacant building acquisition - WQAD,"The building, last inhabited by the Fancy Street Clock & Light company, has been vacant since 2011. ... Mayor Matson looks ahead to Davenport's future ...",www.wqad.com,2024-06-25 22:20:43+00:00,2024-06-27 09:08:38
41,"Bonus editorial cartoon for June 27, 2024 | News, weather, sports from Willmar Minnesota",Matson draws on Joe Biden's postering on a new immigration policy. ... © 2024 West Central Tribune and Forum Communications Company | 2208 Trott ...,www.wctrib.com,2024-06-27 15:02:40+00:00,2024-06-27 16:08:35
42,SOUTHWIRE COMPANY ANNOUNCED AS OFFICIAL PARTNER OF ENVISION RACING,"We are thrilled to announce this alliance and look forward to driving positive change together."" For further information please contact: Daniel Matson ...",www.prnewswire.com,2024-06-27 14:48:41+00:00,2024-06-27 16:08:35
43,"Best Momentum Stock to Buy for June 27th - June 27, 2024 - Zacks.com","Matson, Inc. (MATX) - free report &gt;&gt;- Texas Pacific Land ... Each of the company logos represented herein are trademarks of Microsoft Corporation ...",www.zacks.com,2024-06-27 13:11:07+00:00,2024-06-27 16:08:35
44,MATSON INCREASES QUARTERLY DIVIDEND TO $0.34 PER SHARE - Quantisnow,"... Matson, Inc. (""Matson"" or the ""Company"") (NYSE:MATX), a leading U.S. carrier in the Pacific, today reported net income of $36.1 million, or $1.04 ...",quantisnow.com,2024-06-27 13:10:11+00:00,2024-06-27 16:08:35
45,MATSON INCREASES QUARTERLY DIVIDEND TO $0.34 PER SHARE | MATX Stock News,CEO Matt Cox highlighted the company's strong business performance and commitment to returning excess capital to shareholders through dividends and ...,www.stocktitan.net,2024-06-27 13:05:17+00:00,2024-06-27 16:08:35
46,MATSON INCREASES QUARTERLY DIVIDEND TO $0.34 PER SHARE - PR Newswire,"The Company's fleet of owned and chartered vessels includes containerships, combination container and roll-on/roll-off ships and custom-designed ...",www.prnewswire.com,2024-06-27 13:01:40+00:00,2024-06-27 16:08:35
47,"Vanguard Group Inc. Sells 25,594 Shares of Matson, Inc. (NYSE:MATX) - Defense World",Blue Trust Inc. boosted its stake in Matson by 109.6% during the fourth quarter. Blue Trust Inc. now owns 415 shares of the shipping company's stock ...,www.defenseworld.net,2024-06-27 11:37:03+00:00,2024-06-27 16:08:35
48,"McCormick &amp; Company Incorporated filed SEC Form 8-K: Leadership Update, Financial ...","On June 25, 2024, the Board of Directors (the “Board”) of McCormick & Company ... Needham analyst Mike Matson upgraded the rating for Haemonetics ...",quantisnow.com,2024-06-27 09:01:23+00:00,2024-06-27 16:08:35
49,"Daily Dividend Report: AT&amp;T, Kroger, Matson, Pfizer, Edison - Forbes",The board of directors of AT&T today declared a quarterly dividend of $0.2775 per share on the company's common shares.,www.forbes.com,2024-06-27 19:20:49+00:00,2024-06-27 21:08:40
50,Matson Inc (NYSE:MATX) on 06/27/2024 declared a dividend of $0.3400 per share,The stock price closed yesterday at $ 128.99 and has a 52 week low/high of $ 74.04 and $ 133.53. Matson is a holding company. Through its subsidiaries ...,www.dividendinvestor.com,2024-06-27 19:17:28+00:00,2024-06-27 21:08:40
51,Gloucester arrest after 'bare-chested man' broke into house - BBC News,"Gloucestershire Police said he also tried door handles in the Matson, Abbeymead and Abbeydale areas. Anybody with doorbell footage of a bare ...",www.bbc.co.uk,2024-06-27 18:50:09+00:00,2024-06-27 21:08:40
52,Gloucestershire site managers named best in industry Barratt Coleford Gloucester,"... Matson, Gloucester. The two site managers won the Pride in the Job Quality Award from the National House Building Council (NHBC) for demonstrating ...",www.punchline-gloucester.com,2024-06-27 17:47:18+00:00,2024-06-27 21:08:40
53,"Matson, Inc. Announces Quarterly Dividend, Payable on September 5, 2024","The Company's segments include Ocean Transportation and Logistics. The Ocean Transportation business is conducted through Matson Navigation Company, ...",www.marketscreener.com,2024-06-27 16:47:25+00:00,2024-06-27 21:08:40
54,"McCormick &amp; Co Q2 2024 Adj EPS $0.69 Beats $0.59 Estimate, Sales $1.643B Beat $1.637 ...",... company reported quarterly sales of $1.643 billion which beat the ... Needham analyst Mike Matson upgraded the rating for Haemonetics Corporation ...,quantisnow.com,2024-06-27 16:41:39+00:00,2024-06-27 21:08:40
55,Best Momentum Stock to Buy for June 27th - Yahoo Finance,"Texas Pacific Land Corporation Price ... Matson MATX: This company which operates as an ocean transportation and logistics company, has a Zacks Rank #1, ...",finance.yahoo.com,2024-06-27 16:25:41+00:00,2024-06-27 21:08:40
56,SOUTHWIRE COMPANY ANNOUNCED AS OFFICIAL PARTNER OF ENVISION RACING,"CARROLLTON, Ga.- North America- the United States- Franz Jung- Sylvain Filippi- Burt Fealing- Daniel Matson- North America's ...",finance.yahoo.com,2024-06-27 15:57:08+00:00,2024-06-27 21:08:40
57,R.J. Matson cartoon | The Spokesman-Review,Cowles Company Jobs- Newsroom Jobs at The Spokesman-Review- Archives/Research- RSS Feeds- Buy photo reprints- Jumble- Crossword- Horoscopes.,www.spokesman.com,2024-06-28 07:09:03+00:00,2024-06-28 09:08:33
58,What Makes Matson (MATX) a New Strong Buy Stock - Yahoo Finance,"Matson (MATX) has been upgraded to a Zacks Rank #1 (Strong Buy), reflecting growing optimism about the company's earnings prospects.",ca.finance.yahoo.com,2024-06-27 20:36:41+00:00,2024-06-28 09:08:33
59,Matson raises quarterly dividend to $0.34 per share - Investing.com,"The company's Chairman and Chief Executive Officer, Matt Cox, highlighted that this change signifies the twelfth consecutive year of dividend growth ...",www.investing.com,2024-06-27 19:28:14+00:00,2024-06-28 09:08:33
60,Matson EVP &amp; CFO Joel M Wine Sells 8941 Shares - TradingView,"Matson EVP & CFO Joel M Wine Sells 8,941 Shares. Jun 28, 202410:30 PDT ... Company. About- Features- Pricing- Social network- Wall of Love ...",www.tradingview.com,2024-06-28 19:28:39+00:00,2024-06-28 21:08:44
61,Matson increases quarterly dividend to $0.34 per share | AJOT.COM,Cheetah Net Supply Chain Service Inc. (“Cheetah Net” or “the Company”) (NASDAQ: CTNT) announced today that it intends to relocate its headquarters ...,www.ajot.com,2024-06-28 19:18:49+00:00,2024-06-28 21:08:44
62,Matson (MATX) Rewards Shareholders With 6.3% Dividend Hike - Yahoo Finance,The upped dividend highlights this transportation company's commitment to creating value for its shareholders. MATX's dividend yield based on the new ...,finance.yahoo.com,2024-06-28 15:44:05+00:00,2024-06-28 21:08:44
63,Is Kirby (KEX) Stock Outpacing Its Transportation Peers This Year? - Yahoo Finance,Here is how Kirby (KEX) and Matson (MATX) have performed compared to their sector so far this year ... Nike stock sinks after company projects ...,finance.yahoo.com,2024-06-28 15:43:52+00:00,2024-06-28 21:08:44
64,"With Latest Expansion in Ohio, Resilience Can Best Serve Partners and Patients - BioSpace","... company. Those steps include expanding the San Diego-based ... Josh Matson, Resilience [square] Josh Matson, Resilience. Expansion will ...",www.biospace.com,2024-06-28 13:55:10+00:00,2024-06-28 21:08:44
65,"Calculating The Fair Value Of Matson, Inc. (NYSE:MATX) - Simply Wall St News","... Matson's US$129 share ... Remember though, that there are many ways to estimate a company's value, and a DCF is just one method.",simplywall.st,2024-06-28 12:12:11+00:00,2024-06-28 21:08:44
66,Northland Radio Hour presents July 11 mystery program - TribLIVE Local,"Join Northland Public Library staff members as they perform the mystery “Candy Matson, Yukon 2-8209” at 6:30 p.m. July 11.",community.triblive.com,2024-06-28 09:17:20+00:00,2024-06-28 21:08:44
67,Matson CEO Cox sells over $1m in company stock - Investing.com,"(NYSE:MATX) CEO Matthew J. Cox, investors might seek further clarity on the company's financial health and future outlook. Matson's market ...",www.investing.com,2024-06-29 01:29:26+00:00,2024-06-29 10:08:39
68,William (Bill) Erickson OBITUARY - The Denver Post,"Bill then began his work with Matson Navigation Company in Honolulu, Hawaii. ... CO, and his brother Michael (Mary) Erickson of Denver, CO. Bill ...",www.denverpost.com,2024-06-28 20:27:40+00:00,2024-06-29 10:08:39
69,Matson EVP &amp; CFO Joel Wine sells over $1.15m in company stock - Investing.com,"Following the sale, Wine still holds a substantial number of shares in Matson, indicating a continued vested interest in the company's performance.",www.investing.com,2024-06-28 18:19:34+00:00,2024-06-29 10:08:39
70,"Matson, Inc. (NYSE:MATX) Increases Dividend to $0.34 Per Share - MarketBeat",The company's quarterly revenue was up 2.5% on a year-over-year basis. Analysts anticipate that Matson will post 10.1 earnings per share for the ...,www.marketbeat.com,2024-06-28 17:33:13+00:00,2024-06-29 10:08:39
71,Gloucester man who sold washing machine to fund drug habit turns life around - Gloucestershire Live,"He is helping to launch a support group called The Sober Sheep, based at the Redwell Centre, which is a busy community centre in Matson. The group ...",www.gloucestershirelive.co.uk,2024-06-29 13:22:34+00:00,2024-06-29 16:08:44
72,"Matson, Inc. (MATX) to Issue Quarterly Dividend of $0.34 on September 5th - Defense World","The company's revenue for the quarter was up 2.5% on a year-over-year basis. On average, analysts expect that Matson will post 10.1 EPS for the ...",www.defenseworld.net,2024-06-29 11:40:35+00:00,2024-06-29 16:08:44
73,"Artemis Investment Management LLP Has $6.41 Million Stock Position in Matson, Inc. (NYSE:MATX)","The institutional investor owned 57,078 shares of the shipping company's stock after purchasing an additional 14,111 shares during the quarter.",www.marketbeat.com,2024-06-29 10:40:44+00:00,2024-06-29 16:08:44
74,"Matson, Inc. (NYSE:MATX) CFO Joel M. Wine Sells 8,941 Shares of Stock - Defense World","The company's fifty day moving average is $118.48 and its two-hundred day moving average is $113.77. The company has a debt-to-equity ratio of 0.16, a ...",www.defenseworld.net,2024-06-29 10:30:10+00:00,2024-06-29 16:08:44
75,"MIL-OSI Security: St. Johnsbury, Vermont Man Arrested on Drug Distribution Charges","McAllister is represented by Chandler Matson, Esq. The case was investigated under the Organized Crime Drug Enforcement Task Forces (OCDETF) ...",foreignaffairs.co.nz,2024-06-29 08:07:58+00:00,2024-06-29 16:08:44
76,Suspect named after bare-chested man runs amok in Gloucester suburb - Gloucestershire Live,"The charges relate to violent incidents involving a bare-chested man in the Matson area during the early hours of Thursday, June 27. Paul ...",www.gloucestershirelive.co.uk,2024-06-29 17:27:58+00:00,2024-06-29 21:08:39
77,Sunbelt Securities Inc. Sells 643 Shares of iShares MSCI USA Value Factor ETF (BATS:VLUE),"Matson Money. Inc. now owns 3,994,640 shares of the company's stock worth $404,098,000 after acquiring an additional 378,602 shares during the period.",www.defenseworld.net,2024-06-30 14:59:45+00:00,2024-06-30 21:08:37
78,"Astoria Portfolio Advisors LLC. Buys 114 Shares of Matson, Inc. (NYSE:MATX)","SummerHaven Investment Management LLC now owns 9,379 shares of the shipping company's stock valued at $1,028,000 after acquiring an additional 108 ...",www.defenseworld.net,2024-06-30 14:34:27+00:00,2024-06-30 21:08:37
79,Matson (NYSE:MATX) Is Increasing Its Dividend To $0.34 - Simply Wall St News,"Matson, Inc. ( NYSE:MATX ) has announced that it will be increasing its ... company's earnings left over to grow the business in the future.",simplywall.st,2024-06-30 12:32:20+00:00,2024-06-30 21:08:37
80,Matson's (NYSE:MATX) Shareholders Will Receive A Bigger Dividend Than Last Year,"Matson's Dividend Is Well Covered By Earnings. While yield is important, another factor to consider about a company's dividend is whether the current ...",finance.yahoo.com,2024-06-30 12:31:19+00:00,2024-06-30 21:08:37
81,Insider Sale: Chairman &amp; CEO Matthew Cox Sells 7843 Shares of Matson Inc (MATX),"Matson Inc, a key player in the transportation and logistics industry, provides shipping services primarily in the Pacific. The company's operations ...",ca.investing.com,2024-06-30 08:21:50+00:00,2024-06-30 21:08:37
82,"Insider Sale: Chairman &amp; CEO Matthew Cox Sells 7,843 Shares of Matson Inc (MATX)","On June 28, 2024, Matthew Cox, Chairman & Chief Executive Officer of Matson Inc (NYSE:MATX), sold 7843 shares of the company.",finance.yahoo.com,2024-06-29 21:13:54+00:00,2024-06-30 21:08:37
83,SwissMail International AG and arXanum GmbH enter into a strategic partnership,"(“Cheetah Net” or “the Company”) (NASDAQ: CTNT) announced today that ... The Board of Directors of Matson, Inc. (NYSE: MATX), a leading U.S. ...",www.ajot.com,2024-07-01 14:31:46+00:00,2024-07-01 16:08:49
84,"Battle Ground man, 20, killed in two-vehicle crash on Highway 503 - The Columbian",He crossed the centerline into the northbound lane and crashed head-on with a 2016 GMC Acadia driven by Matson. ... Co.Commercial Printing Services ...,www.columbian.com,2024-07-01 18:33:49+00:00,2024-07-01 21:09:06
85,Matson closes out incredible Badger athletic career with lacrosse state championship with ...,Class of 2024 Badger High School graduate Charlotte Matson runs up the field in a game this past season as a member of the Kettle Moraine/Badger Co-Op ...,lakegenevanews.net,2024-07-01 16:42:41+00:00,2024-07-01 21:09:06
86,Herbicide used in Lake George for first time - Adirondack Explorer,"While weather conditions were not ideal, the applicator consulted the company ... Zachary Matson has been an environmental reporter for the Explorer ...",www.adirondackexplorer.org,2024-07-02 01:23:36+00:00,2024-07-02 04:08:30
87,Merit swallows Endogastric assets for $105M - BioWorld,"“We think the deal is complementary to Merit's existing endoscopy products,” said Mike Matson, Joseph Conway and David Saxon of Needham & Co. “We ...",www.bioworld.com,2024-07-01 21:53:56+00:00,2024-07-02 04:08:30
88,Top Ranked Value Stocks to Buy for July 26th - Yahoo Life UK,"Louisiana-Pacific Corporation LPX: This company that manufactures ... Matson, Inc. MATX: This ocean transportation and logistics company has ...",uk.style.yahoo.com,2024-07-01 17:49:00+00:00,2024-07-02 04:08:30
89,LDS Church donates over 31000 pounds of food to local food banks - ncwlife.com,"Sherri Matson, The Church of Jesus Christ of Latter-day Saints ... Union Hill Cider Co IMG 1.png. Videos. NCWLIFE Evening News June 28th, 2024.",www.ncwlife.com,2024-07-02 05:57:02+00:00,2024-07-02 15:08:54
90,Prison officer jailed for stealing decoders - The Zimbabwe Independent,"According to court papers, on April 13, Dube escorted six inmates to Matson Investments to offload goods ... Companies- Markets- Markets2- Notices ...",www.newsday.co.zw,2024-07-02 04:07:04+00:00,2024-07-02 15:08:54
91,Prison officer jailed for stealing decoders - The Standard - NewsDay Zimbabwe,"According to court papers, on April 13, Dube escorted six inmates to Matson Investments to offload goods ... Digital@alphamedia.co.zw; Web ...",www.newsday.co.zw,2024-07-02 10:09:53+00:00,2024-07-03 04:08:48
92,Matson's Strategic Expansion Amid Market Challenges With A Balanced Outlook,"The market values Matson's sales less favorably than average companies. Matson's price-to-earnings ratio is 15.46, below 23.05 for the industry median ...",seekingalpha.com,2024-07-03 08:33:16+00:00,2024-07-03 10:08:35
93,Matson (NYSE:MATX) Upgraded to Buy at StockNews.com - Defense World,"... company stock valued at $2,795,413. Corporate insiders own 2.32% of the company's stock. Institutional Trading of Matson. A number of institutional ...",www.defenseworld.net,2024-07-03 08:22:28+00:00,2024-07-03 10:08:35
94,Trican Well Service Ltd. Announces Second Quarter 2024 Conference Call,"The Company will host a conference call on Wednesday, July 31, 2024 at ... Scott Matson Chief Financial Officer. Phone: (403) 266-0202. Fax ...",www.theglobeandmail.com,2024-07-02 18:47:37+00:00,2024-07-03 10:08:35
95,"Measured Wealth Private Client Group LLC Grows Position in Matson, Inc. (NYSE:MATX)","Institutional investors own 84.76% of the company's stock. Insider Buying and Selling at Matson. In other news, SVP Leonard P. Isotoff sold 2,800 ...",www.defenseworld.net,2024-07-03 12:43:18+00:00,2024-07-03 16:09:09
96,Matson EVP &amp; CFO Joel M. Wine Sells Over 12000 Shares - TradingView,Company. About- Features- Pricing- Social network- Wall of Love- Athletes- Manifesto- Careers- Blog- Security vulnerability- Status page ...,www.tradingview.com,2024-07-03 17:16:00+00:00,2024-07-03 21:09:06
97,"Skye Bioscience expands board, prepares for clinical trial - Investing.com","Matson , Inc. (NYSE:MATX) executive Joel M. Wine, who serves as the company's Executive Vice President and Chief Financial Officer, has sold ...",www.investing.com,2024-07-03 15:46:34+00:00,2024-07-03 21:09:06
98,Matson (NYSE:MATX) Rating Increased to Buy at StockNews.com - MarketBeat,"raised its stake in Matson by 25.4% during the third quarter. Envestnet Asset Management Inc. now owns 60,648 shares of the shipping company's stock ...",www.marketbeat.com,2024-07-03 22:22:36+00:00,2024-07-04 09:09:18
99,Matson EVP &amp; CFO Joel Wine sells over $1.5m in company stock - Investing.com,"Matson , Inc. (NYSE:MATX) executive Joel M. Wine, who serves as the company's Executive Vice President and Chief Financial Officer, ...",www.investing.com,2024-07-03 19:13:16+00:00,2024-07-04 09:09:18
100,Accolade president sells $1.6k in stock to cover tax obligations - Investing.com UK,Matson EVP & CFO Joel Wine sells over $1.5m in company stock. ... One of the InvestingPro Tips for Matson highlights the company's ...,uk.investing.com,2024-07-03 15:53:27+00:00,2024-07-04 09:09:18
101,Two people face charges in Thurston County after police recover stolen puppies,Matson has since posted bail and been released from the county jail ... Company. About Us- Newsroom Staff- Careers- Submit Letters to the Editor ...,.google.com,2024-07-04 18:52:27+00:00,2024-07-04 21:09:13
102,Matson Inc [MATX] EVP &amp; CFO Wine Joel M sells 12090 shares of the company - Knox Daily,Investors can expect a company's stock to rise or fall based on the buying and selling of stock by its insiders. Matson Inc shares valued at ...,knoxdaily.com,2024-07-04 22:31:04+00:00,2024-07-05 01:09:15
103,State boosts spending on Adirondack dams to address deferred maintenance,... company takes on. They have been working with other small power ... Zachary Matson. Zachary Matson has been an environmental reporter for the ...,www.adirondackexplorer.org,2024-07-05 12:01:59+00:00,2024-07-05 15:09:21
104,Melksham and Devizes general election 2024 results in full as Michelle Donelan contests seat,"... Matson and Robinswood, Moreland, Podsmead, Quedgeley Fieldcourt, Quedgeley Severn Vale, Tuffley, and Westgate. The seat was created ahead of the ...",www.manchestereveningnews.co.uk,2024-07-05 14:39:29+00:00,2024-07-05 18:09:13
105,"Joel M. Wine Sells 12,090 Shares of Matson, Inc. (NYSE:MATX) Stock - Defense World","Following the transaction, the chief financial officer now owns 139,239 shares in the company, valued at $18,063,475.47. The sale was disclosed in a ...",www.defenseworld.net,2024-07-05 09:47:19+00:00,2024-07-05 18:09:13
106,Olympia police recover puppies in robbery case – two people face charges in Superior Court,Matson has since posted bail and been released from the county jail ... Co.Commercial Printing ServicesCareers. Cleantalk Pixel.,www.columbian.com,2024-07-05 17:13:09+00:00,2024-07-05 22:09:13
107,Matson (MATX) Rewards Shareholders With 6.3% Dividend Hike - MSN,... company's commitment to creating value for its shareholders. MATX's dividend yield based on the new payout and Jun 27's closing price is 1.06%....,www.msn.com,2024-07-06 22:28:38+00:00,2024-07-07 04:09:23
108,"State of Alaska Department of Revenue Cuts Holdings in Matson, Inc. (NYSE:MATX)","raised its stake in shares of Matson by 5.8% during the 1st quarter. Astoria Portfolio Advisors LLC. now owns 2,089 shares of the shipping company's ...",www.defenseworld.net,2024-07-07 15:26:06+00:00,2024-07-07 18:09:14
109,Best Income Stocks to Buy for June 6th - MSN,"Smurfit Kappa Dividend Yield (TTM) ... Matson, Inc. MATX: This ocean transportation and logistics services company has witnessed the Zacks Consensus ...",www.msn.com,2024-07-07 05:21:32+00:00,2024-07-07 18:09:14
110,AI application plays crucial role in Việt Nam's competitiveness - VietNam News,"... companies in Việt Nam. Prof. Tùng Bùi, VEMBA faculty director & Matson Navigation Company chair of global business at Shidler, referred to the ...",vietnamnews.vn,2024-07-08 01:48:20+00:00,2024-07-08 03:09:00
111,US professor highlights Vietnam's big opportunity in Gen AI - VnExpress International,"... Professor Tung Bui, VEMBA faculty director and Matson Navigation Company chair of global ...",e.vnexpress.net,2024-07-08 15:54:50+00:00,2024-07-08 19:09:11
112,R.J. Matson: Trump Nixon GOP Dream Ticket - Arizona Daily Star,"ANOTHER VIEW | R.J. Matson, Cagle Cartoons.",tucson.com,2024-07-08 13:23:46+00:00,2024-07-08 19:09:11
113,Nugent and Denning hold the line to secure draw - Henley Standard,Henley fought out a feistily competitive draw with High Wycombe at Matson ... © Higgs & Co (Printers) Limited 2016 | Registered in England number ...,www.henleystandard.co.uk,2024-07-08 12:28:30+00:00,2024-07-08 19:09:11
114,Players fall silent in memory of cricket club chairman - Henley Standard,"... Matson Drive, in 1974. In 2005, the club borrowed £200,000 to buy the ground from the pub company and in 2018 made the final repayment to keep it ...",www.henleystandard.co.uk,2024-07-08 12:18:50+00:00,2024-07-08 19:09:11
115,"Haemonetics Sets Date for Publishing First Quarter Fiscal Year 2025 Results: August 8, 2024",Needham & Co. analyst Mike Matson upgraded Haemonetics Corporation (NYSE:HAE) from Hold to Buy with a price target of $112. The analyst says that ...,quantisnow.com,2024-07-08 20:18:12+00:00,2024-07-08 22:09:19
116,Analyst Ratings For AtriCure - Benzinga,"Mike Matson, Needham, Maintains, Buy, $40.00, $40.00 ... Their work involves attending company conference calls and meetings, researching company ...",www.benzinga.com,2024-07-08 19:13:55+00:00,2024-07-08 22:09:19
117,'We are all one big family': how one council has built a culture of support - Community Care,Since the arrival last year of a new leadership team under director of children's services Ann-Marie Matson ... company registered in England and Wales ...,www.communitycare.co.uk,2024-07-09 13:16:28+00:00,2024-07-09 15:09:06
118,"Editorial cartoon for July 9, 2024 - Willmar - West Central Tribune",Matson draws on the Trump and Nixon belief that presidents can do no wrong. ... © 2024 West Central Tribune and Forum Communications Company ...,www.wctrib.com,2024-07-09 13:08:31+00:00,2024-07-09 15:09:06
119,"When Record Highs Become Boring, Catch-Up Trade Catches On, Powell on the Hill",... company Matson Inc. (MATX) . The above winners benefited from a Monday morning note penned by four-star rated (of five at TipRanks) analyst Ben ...,pro.thestreet.com,2024-07-09 11:26:50+00:00,2024-07-09 15:09:06
120,Chevron ruling 'confusion' leads 4Front Ventures to scrap raise - Green Market Report,"The company recently began cultivation at its new Matson facility. “When that facility is fully on a perpetual harvest, we're gonna have about ...",www.greenmarketreport.com,2024-07-09 16:12:52+00:00,2024-07-09 18:09:10
121,"1,800 Shares in Matson, Inc. (NYSE:MATX) Bought by Choreo LLC - Defense World","Dimensional Fund Advisors LP now owns 2,658,613 shares of the shipping company's stock worth $291,386,000 after buying an additional 43,846 shares ...",www.defenseworld.net,2024-07-09 20:21:17+00:00,2024-07-09 22:09:12
122,Matson Helping to Develop Whale Detection Technology for Ships,"Today, with 70+ employees, the company is still privately owned. We offer underwater technologies, subsea solutions and ocean monitoring systems. MTR ...",www.marinetechnologynews.com,2024-07-09 16:57:01+00:00,2024-07-09 22:09:12
123,Needham Reiterates Hold on Masimo - Quantisnow,"Needham analyst Mike Matson reiterates Masimo (NASDAQ:MASI) with a Hold ... Masimo Corporation (""Masimo"" or the ""Company"") (NASDAQ:MASI) today ...",quantisnow.com,2024-07-09 16:06:38+00:00,2024-07-09 22:09:12
124,Two indicted on theft charge for Stanley cup shoplifting; third suspect killed before indictment,"The third person originally charged in the theft from Dick's Sporting Goods, Damone Matson ... Company Logo. Privacy Preference Center. When you ...",www.journal-news.com,2024-07-09 15:25:55+00:00,2024-07-09 22:09:12
125,Masimo (MASI) Receives a Hold from Needham | Markets Insider,"The company's shares opened today at $111.00. Matson covers the Healthcare sector, focusing on stocks such as Merit Medical Systems, SurModics ...",markets.businessinsider.com,2024-07-09 23:27:09+00:00,2024-07-10 03:09:22
126,High school sweethearts kick off another whale-watching season | Anacortes | goskagit.com,Save. James Matson. Reporter (Anacortes). Author email. Follow James Matson ... Company. Camano Island Gutter Company- Automotive. We Offer Outstanding ...,www.goskagit.com,2024-07-09 23:08:51+00:00,2024-07-10 03:09:22
127,Pulse Bio's cardiac PFA system named FDA breakthrough device - BioWorld,"The company's stock climbed 28% on the announcement, rising from ... Matson of Needham & Co. “Pulse intends to begin a pivotal trial of its ...",www.bioworld.com,2024-07-09 22:21:05+00:00,2024-07-10 03:09:22
128,Talking leadership: Cynthia Teniente-Matson on running 'Silicon Valley's university',"This makes it crystal clear to the company that it is already invested in and benefiting from the university, she says. Teniente-Matson starts with ...",www.timeshighereducation.com,2024-07-10 13:37:03+00:00,2024-07-10 18:09:11
129,"Sequoia Financial Advisors LLC Decreases Stock Holdings in Matson, Inc. (NYSE:MATX)","Artemis Investment Management LLP now owns 57,078 shares of the shipping company's stock worth $6,412,000 after buying an additional 14,111 shares in ...",www.defenseworld.net,2024-07-10 10:26:45+00:00,2024-07-10 18:09:11
130,Investing in Matson Inc (MATX) Is Getting More Attractive - Knox Daily,"In a filing, Matson Inc revealed its EVP & CFO Wine Joel M unloaded Company's shares for reported $1.57 million on Jul 02 '24. In the deal valued ...",knoxdaily.com,2024-07-10 15:01:34+00:00,2024-07-10 22:09:06
131,"Insider Sale: EVP &amp; CFO Joel Wine Sells 12,821 Shares of Matson Inc (MATX)","The company's services span the Pacific, including a strong presence in Hawaii, Guam, and Micronesia, offering container shipping, intermodal freight ...",finance.yahoo.com,2024-07-10 23:07:35+00:00,2024-07-11 03:09:11
132,AMD acquires European LLM maker Silo AI for $665 mln - Investing.com Canada,"Matson Inc (NYSE:MATX) is a leading provider of ocean transportation and logistics services. The company's services span the Pacific, including a ...",ca.investing.com,2024-07-10 22:46:41+00:00,2024-07-11 03:09:11
133,Matson EVP &amp; CFO Joel M Wine Sells 12821 Shares - TradingView,"Matson EVP & CFO Joel M Wine Sells 12,821 Shares. Jul 10, 202414:30 ... Company. About- Features- Pricing- Social network- Wall of Love- Athletes ...",www.tradingview.com,2024-07-10 21:46:00+00:00,2024-07-11 03:09:11
134,GLP-1 Concerns Clobbered This Healthcare Stock. It's Time to Buy. - Barron's,"... company's flow generators—won't because of the drugs. All told, Matson estimates that the company would lose just under $37 million of revenue ...",www.barrons.com,2024-07-11 08:29:12+00:00,2024-07-11 11:09:06
135,CNOOC's new LNG bunkering vessel wraps up first op - LNG Prime,"In January this year, CNOOC completed another bunkering operation with the 30,000-cbm, Hai Yang Shi You 301, to Matson's Daniel K. Inouye in Ningbo.",lngprime.com,2024-07-11 04:32:58+00:00,2024-07-11 11:09:06
136,Matson's EVP &amp; CFO Joel Wine sells over $1.58 million in company stock - Investing.com,"Wine, the Executive Vice President and Chief Financial Officer of Matson , Inc. (NYSE:MATX), sold a substantial number of company shares. According to ...",www.investing.com,2024-07-11 00:48:15+00:00,2024-07-11 11:09:06
137,"4 Stocks in Focus That Announced Dividend Hikes Recently - July 11, 2024 - Zacks.com","Cummins Inc. (CMI), The Kroger Co. (KR), Lindsay Corporation (LNN) and Matson, Inc. (MATX) recently hiked dividends.",www.zacks.com,2024-07-11 12:50:15+00:00,2024-07-11 16:09:23
138,GLP-1 Concerns Clobbered This Healthcare Stock. It's Time to Buy. - MSN,"All told, Matson estimates that the company would lose just under $37 million of revenue this year, less than 1% of the consensus estimate of $4.8 ...",www.msn.com,2024-07-11 11:39:03+00:00,2024-07-11 16:09:23
139,"Matson, Inc. (NYSE:MATX) CFO Joel M. Wine Sells 12,821 Shares - Defense World","Following the completion of the sale, the chief financial officer now owns 126,418 shares of the company's stock, valued at $15,579,754.32. The ...",www.defenseworld.net,2024-07-11 11:13:01+00:00,2024-07-11 16:09:23
140,iShares MSCI USA Value Factor ETF (BATS:VLUE) Shares Sold by Sumitomo Mitsui Trust ...,"Matson Money. Inc. now owns 3,994,640 shares of the company's stock worth $404,098,000 after buying an additional 378,602 shares during the period.",www.defenseworld.net,2024-07-11 12:35:29+00:00,2024-07-11 19:09:12
141,Pear Bureau Northwest Appoints CarrieAnn Arias as President and Chief Executive Officer,"... Company. Along the way, CarrieAnn led teams, drove market growth, and ... Matson, PBNW Chairman, shared. CarrieAnn shared her own gratitude ...",m.andnowuknow.com,2024-07-11 17:49:08+00:00,2024-07-11 23:09:15
142,Davenport interim city administrator announces resignation - WQAD,"... company or the position."" Davenport Mayor Mike Matson praised Merritt for her work with the city in a statement to News 8. ""She is a totally ...",www.wqad.com,2024-07-12 03:29:19+00:00,2024-07-12 07:09:19
143,"Editorial cartoon for July 12, 2024 - Willmar - West Central Tribune",Matson draws on growing Democratic concern about Joe Biden continuing ... © 2024 West Central Tribune and Forum Communications Company | 2208 ...,www.wctrib.com,2024-07-12 17:06:22+00:00,2024-07-12 19:09:15
144,"Is Matson, Inc.'s (NYSE:MATX) Recent Stock Performance Tethered To Its Strong Fundamentals?","Particularly, we will be paying attention to Matson's ROE today. Return on equity or ROE is a key measure used to assess how efficiently a company's ...",simplywall.st,2024-07-12 14:12:39+00:00,2024-07-12 19:09:15
145,4 Stocks in Focus That Announced Dividend Hikes Recently - MSN,"CMI, The Kroger Co. KR, Lindsay Corporation LNN and Matson, Inc. MATX. Cummins Inc. is a leading global designer, manufacturer and distributor of ...",www.msn.com,2024-07-12 01:26:39+00:00,2024-07-12 19:09:15
146,"PRISON GUARD, INMATES JAILED FOR ROBBERY - NewsdzeZimbabwe",Dube was charged with theft. Circumstances are that he escorted six inmates to escort goods at Matson Investments. It is then that he connived with ...,www.newsdzezimbabwe.co.uk,2024-07-12 21:36:08+00:00,2024-07-12 23:09:09
147,"Couch, Wo join UH Foundation Board of Trustees | University of Hawaiʻi System News","(A&B), and prior to that was president of Matson Navigation Co. After ... Additionally, he has served on a variety of public and private company ...",www.hawaii.edu,2024-07-12 20:27:23+00:00,2024-07-12 23:09:09
148,Tony Matson Celebrates 40 Years with Bering Air - KNOM Radio Mission,"Ben Townsend photo. Matson's career at Bering Air began in 1984, just five years after the company was founded ...",knom.org,2024-07-13 11:44:54+00:00,2024-07-13 16:09:07
149,Honoring Emily Matson: Lucy's First Step Hosts Annual Golf Outing - Erie News Now,Do you think the federal government should or should not approve the proposed sale of US Steel to the Japanese company Nippon Steel? Do you think the ...,www.erienewsnow.com,2024-07-13 11:12:44+00:00,2024-07-13 16:09:07
150,Form 10-K SOLITRON DEVICES INC For: Feb 29 - StreetInsider,"Matson served as a consultant to the Company from May 2016 through July 2016. Prior to working as a consultant to the Company, Mr. Matson provided ...",www.streetinsider.com,2024-07-13 09:16:10+00:00,2024-07-13 16:09:07
151,"Matson, Inc. (NYSE:MATX) Shares Acquired by LSV Asset Management - MarketBeat","American Century Companies Inc. now owns 653,613 shares of the shipping company's stock valued at $57,989,000 after purchasing an additional 65,736 ...",www.marketbeat.com,2024-07-13 00:29:50+00:00,2024-07-13 16:09:07
152,"Empowered Funds LLC Reduces Holdings in Matson, Inc. (NYSE:MATX) - MarketBeat","grew its stake in Matson by 5.8% in the 1st quarter. Astoria Portfolio Advisors LLC. now owns 2,089 shares of the shipping company's stock worth ...",www.marketbeat.com,2024-07-13 17:39:18+00:00,2024-07-13 19:09:09
153,Investing in Matson (NYSE:MATX) five years ago would have delivered you a 244% gain,"But this move may well have been assisted by the reasonably buoyant market (up 9.9% in 90 days). With that in mind, it's worth seeing if the company's ...",finance.yahoo.com,2024-07-14 13:03:43+00:00,2024-07-14 19:09:08
154,"Matson, Inc. (NYSE:MATX) Shares Acquired by Texas Permanent School Fund Corp","LSV Asset Management now owns 239,439 shares of the shipping company's stock valued at $26,243,000 after purchasing an additional 195,939 shares ...",www.defenseworld.net,2024-07-15 10:27:13+00:00,2024-07-15 12:09:19
155,"Jim Rance — August 28, 1932-May 31, 2024 - Henley Standard","... Matson Drive, in 1974. In 2005, the club borrowed £200,000 to buy the ground from the company and in 2018 made the final repayment to keep it as a ...",www.henleystandard.co.uk,2024-07-15 11:23:09+00:00,2024-07-15 16:09:15
156,"Tour a railcar, explore model trains at Clamshell Railroad Days - Discover Our Coast",... Co. connected Long Beach Peninsula communities ... Matson said. The Nahcotta was one of four passenger cars built specifically for the company.,www.discoverourcoast.com,2024-07-15 16:17:35+00:00,2024-07-15 19:09:17
157,"Contracts for July 15, 2024 - Department of Defense","... Matson Navigation Co. Inc., Oakland, California (HTC71124DW011); ... Co. Inc., St. Simons Island, Georgia (HTC71124DW013); Pasha Hawaii ...",www.defense.gov,2024-07-15 21:18:54+00:00,2024-07-15 23:09:28
158,"Long Lake agrees to purchase causeway, dam wrecked in storms last year",... company's Ray Brook store. Zachary Matson. Zachary Matson has been an environmental reporter for the Explorer since October 2021. He is focused on ...,www.adirondackexplorer.org,2024-07-15 20:01:25+00:00,2024-07-15 23:09:28
159,Are Transportation Stocks Lagging Kirby (KEX) This Year? - Yahoo Finance,"A quick glance at the company's year ... Another stock in the Transportation sector, Matson (MATX), has outperformed the sector so far this year.",ca.finance.yahoo.com,2024-07-15 16:06:13+00:00,2024-07-15 23:09:28
160,Baseball's Matson Selected by Cleveland in Ninth Round of 2024 Major League ... - Harvard Athletics,Sean Matson is our third pick in the top-10 rounds of the #MLBDraft in the last two years! ?? @CleGuardians ?? 9th Round ?? Pick 265 ?? https://t.co ...,gocrimson.com,2024-07-16 00:07:44+00:00,2024-07-16 04:09:16
161,Nippon Telegraph and Telephone Co. (OTCMKTS:NTTYY) Short Interest Update,"Janney Montgomery Scott LLC Has $1.39 Million Stock Holdings in Matson, Inc. (NYSE:MATX). You might be interested in:.",www.defenseworld.net,2024-07-16 09:38:22+00:00,2024-07-16 15:08:55
162,"Janney Montgomery Scott LLC Has $1.39 Million Stock Holdings in Matson, Inc. (NYSE:MATX)","The institutional investor owned 12,340 shares of the shipping company's stock after selling 535 shares during the period. Janney Montgomery Scott ...",www.defenseworld.net,2024-07-16 09:37:36+00:00,2024-07-16 15:08:55
163,"Matson, Inc. (NYSE:MATX) Shares Acquired by BNP Paribas Financial Markets - MarketBeat","BNP Paribas Financial Markets raised its position in Matson, Inc. (NYSE:MATX - Free Report) by 35.8% in the 1st quarter, according to the company ...",www.marketbeat.com,2024-07-16 08:48:50+00:00,2024-07-16 15:08:55
164,(PDF) Endovascular Treatment of Mycotic Aortic and Iliac Aneurysms in a Tertiary Center,... Matthew Matson- Matthew Matson. This person is not on ResearchGate ... Company. About us- News- Careers. Support. Help Center. Business ...,www.researchgate.net,2024-07-16 08:23:43+00:00,2024-07-16 15:08:55
165,Stifel Nicolaus Keeps Their Buy Rating on Mattel (MAT) | Markets Insider,"The company's shares closed yesterday at $16.73. According to TipRanks ... The company was founded by Elliot Handler, Ruth Handler and Harold Matson in ...",markets.businessinsider.com,2024-07-16 16:45:30+00:00,2024-07-16 23:08:52
166,Morgan Stanley Sticks to Their Hold Rating for Mattel (MAT) | Markets Insider,"The company's shares closed yesterday at $16.73. Alexander covers the ... The company was founded by Elliot Handler, Ruth Handler and Harold Matson in ...",markets.businessinsider.com,2024-07-16 16:45:14+00:00,2024-07-16 23:08:52
167,"Matson, Inc. (NYSE:MATX) Shares Acquired by BNP Paribas Financial Markets","The institutional investor owned 19,322 shares of the shipping company's stock after acquiring an additional 5,095 shares during the quarter. BNP ...",www.defenseworld.net,2024-07-16 08:51:06+00:00,2024-07-16 23:08:52
168,'We need to find a way to reconnect': Inside the Co-op's new brand platform,"“We've known for some time that we probably lost our way a little bit with the brand,” Co-op's marketing director of food and masterbrand, Mel Matson, ...",www.marketingweek.com,2024-07-17 14:02:10+00:00,2024-07-17 16:08:44
169,Vancouver-based biotechnology company CytoDyn settles lawsuit for $12M,... Matson. Columbian Homes logo. Tags. BiotechonologyCytoDynWest Vancouver- mugshot photo of Sarah Wolf- Sarah Wolf. Columbian staff writer. phone icon ...,www.columbian.com,2024-07-17 13:43:41+00:00,2024-07-17 16:08:44
170,Matson (NYSE:MATX) Hits New 52-Week High at $133.88 - MarketBeat,"Following the transaction, the chief executive officer now directly owns 230,397 shares of the company's stock, valued at $30,076,024.38. The ...",www.marketbeat.com,2024-07-17 16:06:03+00:00,2024-07-17 19:08:40
171,Hacker group says it leaked Disney data over the company's 'approach to AI',A group of hackers says it recently leaked internal communications at Walt Disney Co. over the company's ... Matson. Columbian Homes logo. News. Clark ...,www.columbian.com,2024-07-17 15:33:21+00:00,2024-07-17 19:08:40
172,"Matson, Inc. (NYSE:MATX) Shares Sold by ProShare Advisors LLC - MarketBeat","Dimensional Fund Advisors LP now owns 2,658,613 shares of the shipping company's stock worth $291,386,000 after purchasing an additional 43,846 shares ...",www.marketbeat.com,2024-07-17 20:59:38+00:00,2024-07-17 23:08:44
173,MATSON PUBLISHES 2023 SUSTAINABILITY REPORT - PR Newswire,"(NYSE: MATX), a leading U.S. carrier in the Pacific, has published its 2023 Sustainability Report, which describes the company's progress toward ...",www.prnewswire.com,2024-07-17 20:02:02+00:00,2024-07-17 23:08:44
174,"GEORGE SHIREY Obituary (1948 - 2024) - Brookville, PA - The Progress - Legacy.com",He had worked for Carns Brothers in construction and Matson Lumber Company. George attended the Brookville Alliance Church. He was a member of the ...,www.legacy.com,2024-07-17 16:28:30+00:00,2024-07-17 23:08:44
175,Matson Inc (MATX) gets rating Upgrade from Wolfe Research - Knox Daily,Matson Inc's filing revealed that its EVP & CFO Wine Joel M unloaded Company's shares for reported $1.58 million on Jul 09 '24. In the deal valued ...,knoxdaily.com,2024-07-17 23:17:37+00:00,2024-07-18 07:08:39
176,Q1 Earnings Highs And Lows: Matson (NYSE:MATX) Vs The Rest Of The Marine ...,"Overall, it was a good quarter for the company with a decent beat of analysts' earnings estimates. Matt Cox, Matson's Chairman and Chief Executive ...",ca.investing.com,2024-07-18 15:20:42+00:00,2024-07-18 19:09:06
177,'Amazing' Shropshire businesses urged to apply for King's Award for Enterprise,Stallion AI managing director Tullis Matson DL urged companies which ... The company won the Queen's Award for Innovation in 2023 at its second attempt.,www.shropshirestar.com,2024-07-18 14:43:56+00:00,2024-07-18 19:09:06
178,Matson published 2023 Sustainability Report | AJOT.COM,"Matson, Inc. published its 2023 Sustainability Report, which describes the company's progress toward achieving its environmental, ...",www.ajot.com,2024-07-18 14:42:19+00:00,2024-07-18 19:09:06
179,Q1 Earnings Highs And Lows: Matson (NYSE:MATX) Vs The Rest Of The Marine ...,"However, marine transportation companies are still at the whim of economic cycles. Consumer spending, for example, can greatly impact the demand for ...",finance.yahoo.com,2024-07-18 14:09:33+00:00,2024-07-18 19:09:06
180,"MATSON TO ANNOUNCE SECOND QUARTER 2024 RESULTS ON AUGUST 1, 2024 - Markets data","HONOLULU , July 18, 2024 /PRNewswire/ -- Matson , Inc. (""Matson"" or the ""Company"") (NYSE: MATX), a leading U.S. carrier in the Pacific, today ...",markets.ft.com,2024-07-18 20:31:16+00:00,2024-07-18 22:08:45
181,"MATSON TO ANNOUNCE SECOND QUARTER 2024 RESULTS ON AUGUST 1, 2024","HONOLULU, July 18, 2024 /PRNewswire/ -- Matson, Inc. (""Matson"" or the ""Company"") (NYSE: MATX), a leading U.S. carrier in the Pacific, today ...",www.marketscreener.com,2024-07-18 20:20:16+00:00,2024-07-18 22:08:45
182,Sen. Cantwell helps dedicate new Island Health helipad | News | goskagit.com,James Matson. Reporter (Anacortes). Author email. Follow James Matson ... When Hunger Attacks! Skagit Valley Food Co-Op. Skagit Valley Food Co-Op.,www.goskagit.com,2024-07-18 22:37:29+00:00,2024-07-19 01:08:45
183,"MATSON TO ANNOUNCE SECOND QUARTER 2024 RESULTS ON AUGUST 1, 2024","Matson, Inc. (""Matson"" or the ""Company"") (NYSE: MATX), a leading U.S. carrier in the Pacific, today announced that it will release its financial ...",finance.yahoo.com,2024-07-18 20:59:28+00:00,2024-07-19 01:08:45
184,InventHelp Inventor Develops New Stand for Holding Multiple Rear End Gear Assemblies LBT-8481,"Matson, Inc. (""Matson"" or the ""Company"") , a leading U.S. carrier in the Pacific, today announced that it will release its financial results ...",www.lelezard.com,2024-07-18 20:54:30+00:00,2024-07-19 01:08:45
185,iRobot Schedules Second-Quarter 2024 Conference Call for August 7 - IT News Online,"On August 7, the company will host a live conference call and webcast ... MATSON TO ANNOUNCE SECOND QUARTER 2024 RESULTS ON AUGUST 1, 2024.",www.itnewsonline.com,2024-07-18 20:49:50+00:00,2024-07-19 01:08:45
186,"Editorial Cartoon Roundup for Friday, July 19, 2024 - Duluth News Tribune","Opinion by R.J. Matson, Bill Day, Rick McKee, Michael de Adder, and Bob Englehart ... © 2024 Duluth News Tribune and Forum Communications Company | 222 ...",www.duluthnewstribune.com,2024-07-19 14:11:21+00:00,2024-07-19 17:08:56
187,Matson (NYSE:MATX) Is Increasing Its Dividend To $0.34 - Simply Wall St News,"A low payout ratio gives the company a lot of flexibility, and growing earnings also make it very easy for it to grow the dividend. Matson Looks Like ...",simplywall.st,2024-07-19 13:19:36+00:00,2024-07-19 17:08:56
188,Matson (NYSE:MATX) Hits New 52-Week High at $133.88 - Defense World,"The company traded as high as $133.88 and last traded at $133.88, with a volume of 12391 shares. The stock had previously closed at $132.54. Get ...",www.defenseworld.net,2024-07-19 13:09:01+00:00,2024-07-19 17:08:56
189,Matson (NYSE:MATX) Is Increasing Its Dividend To $0.34 - Yahoo Finance,"While yield is important, another factor to consider about a company's dividend is whether the current payout levels are feasible. However, prior to ...",finance.yahoo.com,2024-07-19 10:41:02+00:00,2024-07-19 17:08:56
190,Inari Medical downgraded to Hold from Buy at Needham - TipRanks.com,Needham analyst Mike Matson downgraded Inari Medical (NARI) to Hold from Buy without a price target. The analyst believes the company is losing ...,www.tipranks.com,2024-07-19 10:04:11+00:00,2024-07-19 17:08:56
191,Los Angeles-area ports suffer 'minimal disruptions' after global tech outage - KTLA,"... Matson Oahu container ship at the Port of Long Beach on Nov. 24, 2021 ... co-founder Matthew Rantanen's ranch,. Member of eBay security team ...",ktla.com,2024-07-19 17:40:10+00:00,2024-07-19 19:08:48
192,"MATSON TO ANNOUNCE SECOND QUARTER 2024 RESULTS ON AUGUST 1, 2024 - ABC27","HONOLULU, July 18, 2024 /PRNewswire/ -- Matson, Inc. (""Matson"" or the ""Company"") (NYSE: MATX), a leading U.S. carrier in the Pacific, ...",www.abc27.com,2024-07-19 03:44:31+00:00,2024-07-19 19:08:48
193,"Matson, Inc. (NYSE:MATX) Holdings Decreased by QRG Capital Management Inc.","bought a new position in shares of Matson during the 4th quarter valued at about $26,000. Institutional investors own 84.76% of the company's stock.",www.defenseworld.net,2024-07-19 14:37:18+00:00,2024-07-19 22:08:42
194,"MATSON TO ANNOUNCE SECOND QUARTER 2024 RESULTS ON AUGUST 1, 2024","Matson, Inc. (""Matson"" or the ""Company"") , a leading U.S. carrier in the Pacific, today announced that it will release its financial results for ...",www.lelezard.com,2024-07-19 02:12:32+00:00,2024-07-19 22:08:42
195,"Sand Casting Services Market Growth Drivers | Omnidex, Patriot Foundry, Redstone Manufacturing","HeBei Matson Metal Tech Co., Ltd. Super Vac Foundry The Federal Group ... This subsection assesses companies' adoption of eco-friendly ...",economica.ma,2024-07-20 01:57:47+00:00,2024-07-20 05:08:52
196,Club at Tuffley Park: 'Shocking' cost to city taxpayers revealed - Gloucestershire Live,"Councillor Alastair Chambers (Community Independents, Matson ... “We should do an investigation into what went wrong with this particular company and ...",www.gloucestershirelive.co.uk,2024-07-20 17:00:02+00:00,2024-07-20 19:08:33
197,"Jupiter Asset Management Ltd. Grows Stock Holdings in Matson, Inc. (NYSE:MATX)","Ritholtz Wealth Management now owns 12,707 shares of the shipping company's stock worth $1,393,000 after buying an additional 3,566 shares during the ...",www.marketbeat.com,2024-07-21 16:21:19+00:00,2024-07-21 19:08:40
198,Parties' Cap on Fees Inapplicable in Wrongful Eviction Case - Metropolitan News-Enterprise,Curbelo v. Matson Navigation Company of this 1918 pronouncement by the U.S. Supreme Court: “The distinction between rights and remedies is ...,.google.com,2024-07-22 14:20:08+00:00,2024-07-22 16:08:44
199,Mastercard adds more partners in push for open banking - American Banker,"... co-founder of Link Financial Technologies, the parent company of LinkMoney. ... Bobby Matson, founder of Payitoff, argues that consumers ...",www.americanbanker.com,2024-07-22 17:49:50+00:00,2024-07-22 19:08:37
200,Danaos ties up string of charter deals with liner giant Cosco in strong market | TradeWinds,"... Matson. The Hawaii-based company is understood to have extended the charter of the 4,870-teu Matson Waikiki (built 2008) for three years. The ...",www.tradewindsnews.com,2024-07-22 16:43:57+00:00,2024-07-22 19:08:37
201,Virginia police warn fake $100 bills have been circulating - WDIO.com,Chief Matson said the department is working with impacted businesses are that they are attempting to identify a suspect. The public is asked to ...,www.wdio.com,2024-07-22 21:47:54+00:00,2024-07-23 01:08:47
202,"Box rates still historically high, but more 'cracks' and peak signals emerge - Lloyd's List",Topics. Regions; Europe- US States; Markets; Containers. Related Companies. Zim- Matson- Maersk ...,www.lloydslist.com,2024-07-22 21:45:21+00:00,2024-07-23 01:08:47
203,R.J. Matson cartoon - The Spokesman-Review,"Matson cartoon - July 23, 2024. X- Facebook- Email- Reddit- SMS. Featured ... Cowles Company Jobs- Newsroom Jobs at The Spokesman-Review- Archives ...",www.spokesman.com,2024-07-23 07:14:22+00:00,2024-07-23 08:08:38
204,What 6 Analyst Ratings Have To Say About ResMed - ResMed (NYSE:RMD) - Benzinga,"Mike Matson, Needham, Raises, Buy, $236.00, $224.00. Key Insights ... Analysts may attend company conference calls and meetings, research company ...",www.benzinga.com,2024-07-23 13:10:29+00:00,2024-07-23 17:08:57
205,Davies appoints president and deputy CEO for North America,"... companies from Brown & Brown. In February 2024, it snapped up Matson, Driscoll & Damico to add forensic accounting to its capabilities. What do ...",www.insurancebusinessmag.com,2024-07-23 12:21:14+00:00,2024-07-23 17:08:57
206,"Russell Investments Group Ltd. Lowers Stake in Matson, Inc. (NYSE:MATX) - Defense World","LSV Asset Management now owns 239,439 shares of the shipping company's stock worth $26,243,000 after acquiring an additional 195,939 shares during the ...",www.defenseworld.net,2024-07-23 15:42:28+00:00,2024-07-23 19:08:40
207,"PAX Financial Group LLC Takes $605,000 Position in Matson, Inc. (NYSE:MATX)","BNP Paribas Financial Markets now owns 19,322 shares of the shipping company's stock worth $2,172,000 after acquiring an additional 5,095 shares ...",www.marketbeat.com,2024-07-23 20:52:32+00:00,2024-07-24 01:08:58
208,FTC orders 8 companies to provide information on 'surveillance pricing' practices,The software company said its AI price optimization software ... Matson. Columbian Homes logo. News. Clark County- Sports- Courts & Crime,www.columbian.com,2024-07-24 14:52:24+00:00,2024-07-24 16:09:22
209,"Swiss National Bank Reduces Stock Position in Matson, Inc. (NYSE:MATX) - Defense World","Dimensional Fund Advisors LP now owns 2,658,613 shares of the shipping company's stock worth $291,386,000 after acquiring an additional 43,846 shares ...",www.defenseworld.net,2024-07-24 10:39:42+00:00,2024-07-24 16:09:22
210,How Sleep Device Player ResMed Is Gaining Philips' Market Share In Flow Generator ...,Matson maintains a Buy rating given RMD's low P/E multiple and the analyst's projection that the company can sustain 5-7% revenue growth.,.google.com,2024-07-24 06:59:15+00:00,2024-07-24 16:09:22
211,City Lib Dem chiefs overruled by opposition on calls for openness on £21m investments,Labour and the Conservatives backed an amendment by Community Independent leader Alastair Chambers (Matson ... co-worker for giving both of her ...,www.gloucestershirelive.co.uk,2024-07-24 16:53:59+00:00,2024-07-24 19:09:13
212,Chester County Earns Five Titles in Philadelphia Magazine's 'Best of Philly' List,"The attraction's main fountain garden features nearly 2,000 fountain jets, synchronized music, and stunning landscape design. Erin Matson, a Chadds ...",vista.today,2024-07-24 19:17:11+00:00,2024-07-24 22:09:21
213,Matson EVP &amp; CFO Joel M Wine Sells Over $1.4 Million in Company Stock - TradingView,"Joel M Wine, EVP & CFO of Matson, sold 11444 shares of common stock on July 23, 2024, under a Rule 10b5-1 trading plan. The sales were executed at ...",www.tradingview.com,2024-07-24 21:49:31+00:00,2024-07-25 01:09:21
214,"EVP &amp; CFO Wine Joel M sold $1,472,318 worth of shares (11,444 units at $128.65 ...","HONOLULU, July 18, 2024 /PRNewswire/ -- Matson, Inc. (""Matson"" or the ""Company"") (NYSE:MATX), a leading U.S. carrier in the Pacific, today ...",quantisnow.com,2024-07-24 21:29:57+00:00,2024-07-25 01:09:21
215,Stifel Nicolaus Sticks to Its Buy Rating for Mattel (MAT) | Markets Insider,"The company's shares closed yesterday at $17.24. Crum covers the ... The company was founded by Elliot Handler, Ruth Handler and Harold Matson in 1945 ...",markets.businessinsider.com,2024-07-24 15:40:56+00:00,2024-07-25 01:09:21
216,Buy Rating Upheld for Mattel Amid Cost Control and Strong Margin Outlook | Markets Insider,"The company was founded by Elliot Handler, Ruth Handler and Harold Matson in 1945 and is headquartered in El Segundo, CA. Read More on MAT: Mattel ...",markets.businessinsider.com,2024-07-24 15:40:52+00:00,2024-07-25 01:09:21
217,Q1 Rundown: Pangaea (NASDAQ:PANL) Vs Other Marine Transportation Stocks,"Headquartered in NYC, Genco (NYSE:GNK) is a shipping company that transports dry bulk cargo along worldwide maritime routes. ... Matson (NYSE:MATX).",www.theglobeandmail.com,2024-07-25 08:19:25+00:00,2024-07-25 11:09:13
218,"Insider Sale: EVP &amp; CFO Joel Wine Sells 11,444 Shares of Matson Inc (MATX)","Over the past year, Joel Wine has sold a total of 56,632 shares and has not made any purchases of the company's stock. This recent transaction is part ...",finance.yahoo.com,2024-07-25 04:05:57+00:00,2024-07-25 11:09:13
219,"Joel M. Wine Sells 11,444 Shares of Matson, Inc. (NYSE:MATX) Stock - MarketBeat","Shares of MATX traded down $0.53 during midday trading on Wednesday, hitting $128.30. 270,125 shares of the company's stock traded hands, compared to ...",www.marketbeat.com,2024-07-25 02:16:39+00:00,2024-07-25 11:09:13
220,Roth MKM Keeps Their Hold Rating on Mattel (MAT) | Markets Insider,"... company reported a quarterly revenue of $1.62 billion and a net profit ... The company was founded by Elliot Handler, Ruth Handler and Harold Matson in ...",markets.businessinsider.com,2024-07-25 01:15:59+00:00,2024-07-25 11:09:13
221,"State Board of Administration of Florida Retirement System Boosts Holdings in Matson, Inc ...","Dimensional Fund Advisors LP now owns 2,658,613 shares of the shipping company's stock worth $291,386,000 after buying an additional 43,846 shares in ...",www.defenseworld.net,2024-07-25 12:26:23+00:00,2024-07-25 14:09:11
222,Matson (MATX) to Post Q2 Earnings: What's in the Offing? | Nasdaq,Matson MATX is scheduled to report second-quarter 2024 results on ... Company Logo. Do Not Sell or Share My Personal Data. When you visit our ...,www.nasdaq.com,2024-07-25 11:11:34+00:00,2024-07-25 14:09:11
223,Matson (MATX) to Release Earnings on Thursday - Defense World,Analysts expect the company to announce earnings of $3.05 per share for the quarter. Persons that wish to register for the company's earnings ...,www.defenseworld.net,2024-07-25 09:43:41+00:00,2024-07-25 14:09:11
224,"Matson, Inc. (NYSE:MATX) CFO Joel M. Wine Sells 11,444 Shares of Stock - Defense World","Following the completion of the transaction, the chief financial officer now owns 114,974 shares in the company, valued at approximately ...",www.defenseworld.net,2024-07-25 13:05:32+00:00,2024-07-25 17:09:20
225,Universal Logistics (ULH) Q2 Earnings and Revenues Surpass Estimates - MSN,"... company would post earnings of $0.73 per share when it actually produced ... Matson (MATX), another stock in the same industry, has yet to ...",www.msn.com,2024-07-25 23:39:55+00:00,2024-07-26 01:09:30
226,Matson (MATX) Scheduled to Post Earnings on Thursday - MarketBeat,Analysts expect the company to announce earnings of $3.05 per share for the quarter. Investors that are interested in registering for the company's ...,www.marketbeat.com,2024-07-25 19:32:46+00:00,2024-07-26 01:09:30
227,Trican Well Service Ltd. Announces Partnership with Source Energy Services to Develop a ...,"Scott Matson Chief Financial Officer. Phone: (403) 266-0202. Fax: (403) ... Company's acquired football and other sports teams, the Company's ...",www.theglobeandmail.com,2024-07-26 00:38:59+00:00,2024-07-26 10:09:13
228,10 Best Shipping and Container Stocks To Buy - Insider Monkey,"Matson, Inc. (NYSE:MATX), headquartered in Honolulu, Hawaii, is an American shipping and navigation services company founded in 1882. Its subsidiary, ...",www.insidermonkey.com,2024-07-26 00:21:30+00:00,2024-07-26 10:09:13
229,Trican Well Service Ltd. Announces Partnership with Source Energy Services to Develop a ...,Trican is the largest pressure pumping service company in Canada. ... Scott Matson Chief Financial Officer. Phone: (403) 266-0202. Fax: (403) 237 ...,www.theglobeandmail.com,2024-07-25 23:17:22+00:00,2024-07-26 10:09:13
230,"Insider Sale: EVP &amp; CFO Joel Wine Sells 11,444 Shares of Matson - GuruFocus","On July 23, 2024, Joel Wine, Executive Vice President and Chief Financial Officer of Matson Inc (MATX), executed a sale of 11444 shares of the company",www.gurufocus.com,2024-07-25 10:35:11+00:00,2024-07-26 10:09:13
231,"1616 Shares in Matson, Inc. (NYSE:MATX) Purchased by SG Americas Securities LLC","The fund purchased 1,616 shares of the shipping company's stock, valued at approximately $182,000. Get Matson alerts: Other hedge funds and other ...",www.defenseworld.net,2024-07-26 14:27:19+00:00,2024-07-26 16:09:22
232,"Container Fleet Market Size, Regional Overview, Competitive - openPR.com","... Matson Navigation Company Inc., Seaspan Corporation . Contents of the report: 1. Executive Summary 2. Container Fleet Market Report Structure 3 ...",www.openpr.com,2024-07-26 11:10:05+00:00,2024-07-26 16:09:22
233,Made4net Customers Awarded for 3PL Excellence - The Malaysian Reserve,"Both Weber and Matson have been Synapse 3PL WMS customers for over 20 years. ... Company in Support of the IDSSD. Friday, July 26th, 2024. Harbour ...",themalaysianreserve.com,2024-07-26 03:03:54+00:00,2024-07-26 16:09:22
234,"UniSuper Management Pty Ltd Makes New Investment in Matson, Inc. (NYSE:MATX)","The firm acquired 5,756 shares of the shipping company's stock, valued at approximately $647,000. Get Matson alerts: Several other hedge funds also ...",www.defenseworld.net,2024-07-26 17:47:27+00:00,2024-07-26 19:09:19
235,Former 'Voice' singer lights up stages in Skagit and beyond | Anacortes | goskagit.com,"Save. James Matson. Reporter (Anacortes). Author email. Follow James Matson ... Company. Ackermann Electric Company- Community. Open Hearts, Open Minds ...",www.goskagit.com,2024-07-26 23:09:53+00:00,2024-07-27 01:09:18
236,"Insider Sale: EVP &amp; CFO Joel Wine Sells 8,000 Shares of Matson Inc (MATX)","Matson Inc, a transportation and logistics company, provides shipping services primarily in the Pacific. The company's services encompass domestic ...",uk.finance.yahoo.com,2024-07-26 23:04:15+00:00,2024-07-27 01:09:18
237,"Hawaii Issues RFP for Removal, Likely Scrapping, of Historic Sailing Ship",Her association with Hawaii is especially strong because she was acquired in 1898 by Captain William Matson of the Matson Navigation Company and ...,www.maritime-executive.com,2024-07-26 22:35:49+00:00,2024-07-27 01:09:18
238,Matson EVP &amp; CFO Joel M Wine Sells 8000 Shares - TradingView,"Matson EVP & CFO Joel M Wine Sells 8,000 Shares. Jul 26, 202414:30 PDT ... Company. About- Features- Pricing- Social network- Wall of Love ...",www.tradingview.com,2024-07-26 22:16:01+00:00,2024-07-27 01:09:18
239,Savanna Woods lights up stages in Stanwood and beyond | SC News - goSkagit,Savanna Woods lights up stages in Stanwood and beyond. JAMES MATSON ... Company. Ackermann Electric Company- Community. You Herd It Here... Skagit ...,www.goskagit.com,2024-07-26 19:12:52+00:00,2024-07-27 01:09:18
240,"Why isn't Erin Matson, the Michael Jordan of U.S. field hockey, playing in the Olympics?","Erin Matson is the GOAT of college field hockey. So, why was she ... Company Logo. Privacy Preference Center. When you visit our website, we ...",ftw.usatoday.com,2024-07-27 13:05:09+00:00,2024-07-27 17:09:18
241,"Matson, Inc. (NYSE:MATX) CFO Joel M. Wine Sells 8,000 Shares of Stock - Defense World","The company has a debt-to-equity ratio of 0.16, a quick ratio of 0.97 and a current ratio of 0.97. The firm has a market cap of $4.56 billion, a PE ...",www.defenseworld.net,2024-07-27 10:55:34+00:00,2024-07-27 17:09:18
242,Crock-Pot Parent Newell's Stock Leaps Back Into the Green - MSN,"... company's stock has it in the green for 2024. Newell Brands (NWL) beat ... Matson, Inc. (MATX): Among the Best Shipping and Container Stocks ...",www.msn.com,2024-07-27 10:03:31+00:00,2024-07-27 17:09:18
243,"Matson, Inc. (MATX): Among the Best Shipping and Container Stocks Right Now?","... company founded in 1882. Its subsidiary, Matson Navigation Company, provides ocean shipping services across the Pacific, serving destinations such ...",finance.yahoo.com,2024-07-27 07:26:40+00:00,2024-07-27 17:09:18
244,Matson EVP &amp; CFO sells over $1m in company stock - Investing.com Nigeria,"Following the sales, Joel M. Wine still holds a substantial number of shares in Matson, indicating a retained level of investment in the company's ...",ng.investing.com,2024-07-27 10:39:55+00:00,2024-07-27 19:09:05
245,"Joel M. Wine Sells 8,000 Shares of Matson, Inc. (NYSE:MATX) Stock - MarketBeat","Matson, Inc. (NYSE:MATX - Get Free Report) CFO Joel M. Wine sold 8000 shares of the company's stock in a transaction dated Thursday, July 25th.",www.marketbeat.com,2024-07-27 23:35:25+00:00,2024-07-28 01:09:09
246,"Insider Sale: EVP &amp; CFO Joel Wine Sells 8,000 Shares of Matson I - GuruFocus","On July 25, 2024, Joel Wine, Executive Vice President and Chief Financial Officer of Matson Inc (MATX), sold 8000 shares of the company.",www.gurufocus.com,2024-07-27 05:43:29+00:00,2024-07-28 01:09:09
247,Gloucester woman who drank beer for breakfast completely turns life around - Gloucestershire Live,"Nikki Davis, 63, from Matson, moved to Gloucester in 2004. She grew up in Hemel Hempstead, having been born one of a twin who she was then separated ...",www.gloucestershirelive.co.uk,2024-07-28 04:29:07+00:00,2024-07-28 07:09:08
248,"Vanguard Group Inc. Boosts Position in Matson, Inc. (NYSE:MATX) - Defense World","Astoria Portfolio Advisors LLC. now owns 2,089 shares of the shipping company's stock valued at $229,000 after buying an additional 114 shares during ...",www.defenseworld.net,2024-07-28 11:24:23+00:00,2024-07-28 13:09:12
249,There's A Lot To Like About Matson's (NYSE:MATX) Upcoming US$0.34 Dividend,"The company's next dividend payment will be US$0.34 per share, on the back of last year when the company paid a total of US$1.28 to shareholders.",finance.yahoo.com,2024-07-28 12:45:55+00:00,2024-07-28 16:09:09
250,Vanguard Group Inc. Cuts Stock Holdings in NewMarket Co. (NYSE:NEU) - Defense World,"Encore Wire Co. (NASDAQ:WIRE) Shares Sold by Vanguard Group Inc. Vanguard Group Inc. Boosts Position in Matson, Inc. (NYSE:MATX)- Black Hills Co.",www.defenseworld.net,2024-07-28 11:23:52+00:00,2024-07-28 16:09:09
251,"Vanguard Group Inc. Boosts Position in Matson, Inc. (NYSE:MATX) - MarketBeat","SummerHaven Investment Management LLC now owns 9,379 shares of the shipping company's stock valued at $1,028,000 after buying an additional 108 shares ...",www.marketbeat.com,2024-07-28 09:54:17+00:00,2024-07-28 16:09:09
252,Chinese glass maker says it wasn't target of raid at US plant featured in Oscar-winning film,"... company was at the center of the criminal investigation, according to a ... Matson. Columbian Homes logo. News. Clark County- Sports- Courts ...",www.columbian.com,2024-07-29 17:13:18+00:00,2024-07-29 19:09:21
253,There's A Lot To Like About Matson's (NYSE:MATX) Upcoming US$0.34 Dividend,"The ex-dividend date is one business day before a company's record date, which is the date on which the company determines which shareholders are ...",simplywall.st,2024-07-29 13:42:33+00:00,2024-07-29 19:09:21
254,"Magnetar Financial LLC Takes Position in Matson, Inc. (NYSE:MATX) - MarketBeat",increased its stake in shares of Matson by 109.6% in the fourth quarter. Blue Trust Inc. now owns 415 shares of the shipping company's stock valued at ...,www.marketbeat.com,2024-07-29 17:50:52+00:00,2024-07-29 22:09:19
255,"NeoGenomics, Inc. (NEO) Q2 2024 Earnings Call Transcript | Seeking Alpha",Mike Matson - Needham and Company Puneet Souda - Leerink Partners Thomas DeBourcy - Nephron Research LLC. Operator. Welcome to the NeoGenomics ...,seekingalpha.com,2024-07-30 00:27:21+00:00,2024-07-30 01:09:19
256,"Hologic, Inc. (HOLX) Q3 2024 Earnings Call Transcript | Seeking Alpha","Michael Matson - Needham & Company Casey Woodring - JPMorgan. Michael ... With me today are Steve MacMillan, the company's Chairman, President ...",seekingalpha.com,2024-07-30 02:27:05+00:00,2024-07-30 05:09:11
257,Nikkei 225 Bearish By 7% In The Last 10 Sessions - Via News,"According to Zacks on Monday, 29 July, ""View all Key Company Metrics for W.W. ... Matson And 3 Other Stocks Have High Sales Growth And An Above 3 ...",via.news,2024-07-30 01:20:05+00:00,2024-07-30 05:09:11
258,J.P. Morgan Sticks to Their Hold Rating for Mattel (MAT) | Markets Insider,"The company's shares closed last Friday at $19.17. According to ... The company was founded by Elliot Handler, Ruth Handler and Harold Matson in 1945 ...",markets.businessinsider.com,2024-07-29 20:24:59+00:00,2024-07-30 05:09:11
259,"Sei Investments Co. Has $515,000 Position in Matson, Inc. (NYSE:MATX) - MarketBeat","Sei Investments Co. lessened its holdings in Matson, Inc. (NYSE:MATX - Free Report) by 62.5% in the first quarter, according to the company in its ...",www.marketbeat.com,2024-07-30 08:47:22+00:00,2024-07-30 10:09:20
260,Gladstone Commercial (GOOD) Set to Announce Quarterly Earnings on Tuesday,"The company has a quick ratio of 3.67, a current ratio of 3.67 and a ... Has $515,000 Position in Matson, Inc. (NYSE:MATX)- Alexander ...",www.defenseworld.net,2024-07-30 08:46:58+00:00,2024-07-30 10:09:20
261,Sei Investments Co. Cuts Stock Position in Brookfield Renewable Co. (NYSE:BEPC),"Sei Investments Co. Takes $513,000 Position in Paymentus Holdings, Inc. (NYSE:PAY)- Sei Investments Co. Has $515,000 Position in Matson, Inc. (NYSE ...",www.defenseworld.net,2024-07-30 08:45:06+00:00,2024-07-30 10:09:20
262,"Sei Investments Co. Has $515,000 Position in Matson, Inc. (NYSE:MATX) - Defense World","The fund owned 4,586 shares of the shipping company's stock after selling 7,637 shares during the quarter. Sei Investments Co.'s holdings in Matson ...",www.defenseworld.net,2024-07-30 10:31:08+00:00,2024-07-30 13:09:25
263,Sei Investments Co. Purchases 5624 Shares of Crescent Energy (NYSE:CRGY),"... company in its most recent filing with the Securities and Exchange ... Has $515,000 Position in Matson, Inc. (NYSE:MATX). You might be ...",www.defenseworld.net,2024-07-30 10:31:06+00:00,2024-07-30 13:09:25
264,CBOE Bullish Momentum With A 33% Jump In The Last 21 Sessions - Via News,"According to Zacks on Monday, 29 July, ""View all Key Company ... Matson And 3 Other Stocks Have High Sales Growth And An Above 3% Return ...",via.news,2024-07-30 06:24:18+00:00,2024-07-30 13:09:25
265,"Ex-Dividend Reminder: Matson, Valero Energy and ONEOK | Nasdaq","... Matson Inc (Symbol: MATX), Valero ... In general, dividends are not always predictable, following the ups and downs of company profits over time.",www.nasdaq.com,2024-07-30 15:00:02+00:00,2024-07-30 16:09:25
266,The Analyst Verdict: Hologic In The Eyes Of 8 Experts - Benzinga,"Mike Matson, Needham, Maintains, Buy, $90.00, $90.00. Vijay Kumar, Evercore ISI Group, Lowers, In-Line, $76.00, $78.00. Mason Carrico, Stephens & Co.",www.benzinga.com,2024-07-30 13:14:30+00:00,2024-07-30 16:09:25
267,Hologic Analysts Boost Their Forecasts After Q3 Results - TradingView,"... company reported quarterly sales of $1.011 billion which beat the ana ... Needham analyst Mike Matson, meanwhile, reiterated Hologic with a Buy ...",www.tradingview.com,2024-07-30 13:09:40+00:00,2024-07-30 16:09:25
268,"Bokf Na Has $384,000 Stake in Matson, Inc. (NYSE:MATX) - Defense World","The fund owned 3,446 shares of the shipping company's stock after purchasing an additional 1,615 shares during the period. Bokf Na's holdings in ...",www.defenseworld.net,2024-07-30 13:05:52+00:00,2024-07-30 16:09:25
269,BAE Systems (LON:BA) Upgraded to Buy at Citigroup - Defense World,"CANADA LIFE ASSURANCE Co Increases Stock Holdings in Matson, Inc.",www.defenseworld.net,2024-07-30 11:24:19+00:00,2024-07-30 16:09:25
270,Q3 2024 Hologic Inc Earnings Call - Yahoo Finanza,"Mike Matson; Analyst; Needham & Company, LLC. Casey Woodring; Analyst ... Mike Matson, Needham & Company. Mike Matson. Yeah, thanks. So I want ...",it.finance.yahoo.com,2024-07-30 15:32:42+00:00,2024-07-30 19:09:15
271,Haemonetics Announces CE Mark Certification for the SavvyWire® Pre-Shaped Pressure Guidewire,... company focused on delivering innovative medical solutions to drive ... analyst Mike Matson upgraded Haemonetics Corporation (NYSE:HAE) from ...,quantisnow.com,2024-07-30 11:53:02+00:00,2024-07-30 19:09:15
272,"Insider Sale: EVP &amp; CFO Joel Wine Sells 8,000 Shares of Matson Inc (MATX)","Matson Inc, a prominent player in the transportation and logistics industry, specializes in shipping and related services. The company operates a ...",finance.yahoo.com,2024-07-30 23:05:00+00:00,2024-07-31 01:09:15
273,Lyle K. Matson Obituary 2024 - Routsong Funeral Home and Cremation Services,"He is survived by his loving wife, Lenorann Lewis Matson, brother Gale Matson ... Company. He graduated with a Bachelor's of Science in Chemistry with ...",www.routsong.com,2024-07-30 21:32:57+00:00,2024-07-31 01:09:15
274,"EVP &amp; CFO Wine Joel M sold $1,054,645 worth of shares (8,000 units at $131.83 ...","MATSON TO ANNOUNCE SECOND QUARTER 2024 RESULTS ON AUGUST 1, 2024. HONOLULU, July 18, 2024 /PRNewswire/ -- Matson, Inc. (""Matson"" or the ""Company ...",quantisnow.com,2024-07-30 21:04:33+00:00,2024-07-31 01:09:15
275,"American International Group Inc. Sells 165 Shares of Matson, Inc. (NYSE:MATX)","Institutional investors and hedge funds own 84.76% of the company's stock. Insider Buying and Selling at Matson. In related news, SVP John Warren ...",www.defenseworld.net,2024-07-30 18:40:08+00:00,2024-07-31 01:09:15
276,Matson (NYSE:MATX) Sets New 12-Month High at $135.06 - MarketBeat,"... company stock worth $8,447,299. Corporate insiders own 2.32% of the company's stock. Hedge Funds Weigh In On Matson. Institutional investors and ...",www.marketbeat.com,2024-07-30 17:49:05+00:00,2024-07-31 01:09:15
277,Sand Casting Services Market 2024 Key Insights - Economica,"HeBei Matson Metal Tech Co., Ltd. Super Vac Foundry The Federal Group Warner Brothers Unique Sand Casting Magic Precision Harrison Castings",economica.ma,2024-07-31 09:30:24+00:00,2024-07-31 11:09:13
278,"Matson, Inc. (NYSE:MATX) CFO Joel M. Wine Sells 8,000 Shares of Stock - Defense World","Following the transaction, the chief financial officer now owns 98,974 shares in the company, valued at $13,047,742.42. The sale was disclosed in a ...",www.defenseworld.net,2024-07-31 09:23:03+00:00,2024-07-31 11:09:13
279,Matson (MATX) Reports Q2: Everything You Need To Know Ahead Of Earnings,Maritime transportation company Matson (NYSE:MATX) will be announcing earnings results tomorrow after market close. Here's what you need to know.,finance.yahoo.com,2024-07-31 09:15:30+00:00,2024-07-31 11:09:13
280,EUR/JPY Bearish By 4% In The Last 21 Sessions - Via News,Matson And 3 Other Stocks Have High Sales Growth And An Above 3% Return ... WD-40 Company And 5 Other Stocks Have Very High Payout Ratio- 6 ...,via.news,2024-07-31 06:17:02+00:00,2024-07-31 11:09:13
281,"SEC Says California Broker, Investment Firm Ran Ponzi Scheme - Bloomberg Law News",Bloomberg the Company & Its ProductsBloomberg Anywhere Remote ... Matson and his firm South Bay Acquisitions LLC of defrauding five investors.,news.bloomberglaw.com,2024-07-30 22:55:53+00:00,2024-07-31 11:09:13
282,"Payday lender accused of stashing $300,000 | News | thedailycitizen.com","... company, BMB Finance Company of West Plains, Mo. In June 2006, Matson had charged Bailey with engaging in check cashing businesses without ...",www.thedailycitizen.com,2024-07-30 11:41:20+00:00,2024-07-31 11:09:13
283,"South Bay Acquisitions, LLC, et al. - Litigation Releases - SEC.gov",SEC Charges California Holding Company and its Organizer in Alleged Ponzi Scheme ... Matson's personal account for personal expenses. The complaint ...,www.sec.gov,2024-07-31 14:18:42+00:00,2024-07-31 17:09:12
284,"Stryker beats The Street in Q2, raises guidance - MassDevice","Mike Matson, senior research analyst at Needham & Co., said management during Stryker's earnings call was bullish about the company's prospects ...",www.massdevice.com,2024-07-31 13:22:02+00:00,2024-07-31 17:09:12
285,"Matson stock sails to all-time high, reaches $134.26 - Investing.com Nigeria",This surge underscores the company's strong performance and investor confidence in its operational strategy and market position amidst the dynamic ...,ng.investing.com,2024-07-31 06:43:25+00:00,2024-07-31 17:09:12
286,LivaNova PLC (LIVN) Q2 2024 Earnings Call Transcript | Seeking Alpha,"Mike Matson – Needham & Company David Rescott – Baird Matt Miksic – Barclays. Operator. Good day, ladies and gentlemen, and welcome to the LivaNova ...",seekingalpha.com,2024-07-31 17:58:16+00:00,2024-07-31 19:09:21
287,Balancing Act: Hold Rating on Penumbra Amidst Revenue Downgrade and Margin Improvements,"Needham analyst Michael Matson has maintained their neutral stance on PEN stock, giving a Hold rating yesterday. Michael Matson has given his H...",markets.businessinsider.com,2024-07-31 14:32:41+00:00,2024-07-31 19:09:21
288,Stryker's Strong Q2 Performance and Positive Outlook Affirm Buy Rating | Markets Insider,"Stryker (SYK – Research Report), the Healthcare sector company, was revisited by a Wall Street analyst today. Analyst Michael Matson from ...",markets.businessinsider.com,2024-07-31 16:46:48+00:00,2024-07-31 22:09:14
289,"SEC Alleges Ex-LPL, Ameriprise Broker Ran A $1.56M Ponzi Scheme - FA Mag","According to the complaint, Matson allegedly operated by soliciting his brokerage clients for investment in his own company, South Bay Acquisitions, ...",www.fa-mag.com,2024-07-31 16:05:09+00:00,2024-07-31 22:09:14
290,Here's what Wall Street expects from Matson's earnings report - Markets Insider,Matson will present Q2 figures ... On the revenue side analysts estimate that the company will bring in $3.32 billion in the current fiscal year.,markets.businessinsider.com,2024-07-31 14:34:18+00:00,2024-07-31 22:09:14
291,Understanding the Risks of Investing in Matson Inc (MATX) - Knox Daily,Matson Inc's recently made public that its Officer Wine Joel M acquired Company's shares for reported $1.05 million on Jul 29 '24. In the deal ...,knoxdaily.com,2024-08-01 00:36:09+00:00,2024-08-01 01:09:07
292,"Insider Sale: EVP &amp; CFO Joel Wine Sells 8,000 Shares of Matson I - GuruFocus","On July 29, 2024, Joel Wine, Executive Vice President and Chief Financial Officer of Matson Inc (MATX), sold 8000 shares of the company.",www.gurufocus.com,2024-07-31 05:32:15+00:00,2024-08-01 01:09:07
293,City of Davenport hires new city attorney - WQAD,"On that same day, Mayor Mike Matson issued an executive order appointing Assistant City Attorney Brian Heyer as the interim corporation counsel ...",www.wqad.com,2024-08-01 14:50:25+00:00,2024-08-01 16:09:13
294,LivaNova's Strong Performance and Strategic Initiatives Bolster Buy Rating with Increased ...,Michael Matson's rating is based on the strong performance of ... The company's revenue and earnings per share (EPS) for the second quarter ...,markets.businessinsider.com,2024-08-01 00:28:21+00:00,2024-08-01 16:09:13
295,Hawai'i's Top 250 Companies 2024 - Hawaii Business Magazine,"While Matson's revenue fell nearly 29% in 2023 compared to the prior year, Chairman and CEO Matt Cox anticipated the drop when he told Hawaii Business ...",www.hawaiibusiness.com,2024-08-01 18:01:37+00:00,2024-08-01 19:09:15
296,Tabai Matson lands new head coach role after Harlequins exit - Rugbypass.com,Former Harlequins director of performance development Tabai Matson has been named the new head coach of BlackRams ... Scott Robertson is in rare company ...,www.rugbypass.com,2024-08-01 17:34:06+00:00,2024-08-01 19:09:15
297,Peeling Back The Layers: Exploring Conmed Through Analyst Insights - Benzinga,"Mike Matson, Needham, Lowers, Buy, $97.00, $106.00. Mike ... Their work involves attending company conference calls and meetings, researching company ...",www.benzinga.com,2024-08-01 17:21:35+00:00,2024-08-01 19:09:15
298,Matson: Q2 Earnings Snapshot - Yahoo Finance,HONOLULU (AP) — Matson Inc. MATX) on Thursday reported net income of $113.2 million in its second quarter. The Honolulu-based company said it had ...,finance.yahoo.com,2024-08-01 21:03:12+00:00,2024-08-01 22:09:08
299,Matson: Q2 Earnings Snapshot - NewsTimes,The Honolulu-based company said it had net income of $3.31 per share. The ocean transportation and logistics services company posted revenue of $847.4 ...,www.newstimes.com,2024-08-01 20:59:49+00:00,2024-08-01 22:09:08
300,Deere to Announce Third Quarter 2024 Financial Results - Le Lézard,"Matson, Inc. (""Matson"" or the ""Company"") , a leading U.S. carrier in the Pacific,... at 16:00. ArcticRx ...",www.lelezard.com,2024-08-01 20:15:01+00:00,2024-08-01 22:09:08
301,"MATSON, INC. ANNOUNCES SECOND QUARTER 2024 RESULTS - PR Newswire","PRNewswire/ -- Matson, Inc. (""Matson"" or the ""Company"") (NYSE: MATX), a leading U.S. carrier in the Pacific, today reported net income of $113.2 ...",www.prnewswire.com,2024-08-01 20:06:44+00:00,2024-08-01 22:09:08
302,"At Just 22 Years Old, Unionville Grad Named Head Coach of Perennial Powerhouse in ...","Erin Matson, a graduate of Unionville High School, just became one of North Carolina field hockey's youngest coaches at the age of 22.",vista.today,2024-08-01 19:18:54+00:00,2024-08-01 22:09:08
303,Sotera Health Appoints Christopher Simon to the Board of Directors - Quantisnow,Needham & Co. analyst Mike Matson upgraded Haemonetics Corporation (NYSE:HAE) from Hold to Buy with a price target of $112. The analyst says that ...,quantisnow.com,2024-08-01 17:13:58+00:00,2024-08-01 22:09:08
304,MTC Deputy Executive Director To Depart For New Role - Law360 Tax Authority,"Matson made the announcement at an executive committee meeting, which ... Company Logo. Cookie Preference Center. We use cookies that are ...",www.law360.com,2024-08-01 23:45:59+00:00,2024-08-02 01:09:23
305,"Matson, Inc. (MATX) Q2 2024 Earnings Call Transcript | Seeking Alpha","Matson, Inc. (NYSE:MATX) Q2 2024 Results Conference Call August 1, 2024 4:30 PM ET. Company Participants. Justin Schoenberg - IR Matt Cox - Chairman ...",seekingalpha.com,2024-08-01 23:45:32+00:00,2024-08-02 01:09:23
306,"Matson, Inc. Announces Second Quarter 2024 Results - TradingView","Matson, Inc., a leading U.S. carrier in the Pacific, has released its financial results for the second quarter of 2024. The company reported ...",www.tradingview.com,2024-08-01 23:16:29+00:00,2024-08-02 01:09:23
307,Matson (MATX) Beats Q2 Earnings Estimates - MSN,"Matson (MATX) came out with quarterly earnings of $3.31 per share, beating ... company would post earnings of $0.99 per share when it actually...",www.msn.com,2024-08-01 23:07:13+00:00,2024-08-02 01:09:23
308,Rising China box freight rates lift Matson profits - TradeWinds,"Chief executive Matt Cox said the Honolulu-based company “performed well” during the period, with better operating income in both its ocean shipping ...",www.tradewindsnews.com,2024-08-01 21:41:12+00:00,2024-08-02 01:09:23
309,Matson Inc reports results for the quarter ended in June - Earnings Summary - XM,The company reported quarterly net income of $113.2 million. Matson Inc shares had risen by 1.1% this quarter and gained 20.8% so far this year.,www.xm.com,2024-08-01 21:32:48+00:00,2024-08-02 01:09:23
310,Matson (NYSE:MATX) Reports Upbeat Q2 - Yahoo Finance,"Maritime transportation company Matson (NYSE:MATX) announced better-than-expected results in Q2 CY2024, with revenue up 9.6% year on year to ...",finance.yahoo.com,2024-08-01 21:25:55+00:00,2024-08-02 01:09:23
311,Matson: Q2 Earnings Snapshot - MarketScreener,HONOLULU — HONOLULU — Matson Inc. on Thursday reported net income of $113.2 million in its second quarter. The Honolulu-based company said it had ...,www.marketscreener.com,2024-08-01 20:55:58+00:00,2024-08-02 01:09:23
312,ResMed Inc. (RMD) Q4 2024 Earnings Call Transcript | Seeking Alpha,Lyanne Harrison - Bank of America Steven Wheen - Jarden Brett Fishbin - KeyBanc. Michael Matson - Needham & Company ... Our next question is coming from ...,seekingalpha.com,2024-08-02 06:17:08+00:00,2024-08-02 08:09:17
313,GK Elite Designs and Outfits the U.S. Women's Gymnastics Team for Paris Olympics,"GK Elite, a company located right above Chester County in ... Erin Matson at the Indoor Pan American Cup. Sports. Chadds Ford's Erin Matson ...",vista.today,2024-08-02 03:42:03+00:00,2024-08-02 08:09:17
314,"MATX Stock Earnings: Matson Beats EPS, Beats Revenue for Q2 2024 - TradingView",Matson reported earnings per share of $3.31. This was above the analyst estimate for EPS of $3.00. The company reported revenue of $847.40 million.,www.tradingview.com,2024-08-02 02:52:42+00:00,2024-08-02 08:09:17
315,"Matson, Inc. Reports Earnings Results for the Second Quarter and Six Months Ended June 30, 2024","For the second quarter, the company reported sales was USD 689.9 million compared to USD 616.9 million a year ago. Revenue was USD 847.4 million ...",www.marketscreener.com,2024-08-02 02:51:15+00:00,2024-08-02 08:09:17
316,"MATX Stock Earnings: Matson Beats EPS, Beats Revenue for Q2 2024 | InvestorPlace",Matson reported earnings per share of $3.31. This was above the analyst estimate for EPS of $3.00.- The company reported revenue of $847.40 million.,investorplace.com,2024-08-02 02:11:36+00:00,2024-08-02 08:09:17
317,Matson (NYSE:MATX) Reports Upbeat Q2 - Barchart.com,"Maritime transportation company Matson (NYSE:MATX) announced better-than-expected results in Q2 CY2024, with revenue up 9.6% year on year to $847.4 ...",www.barchart.com,2024-08-02 01:47:08+00:00,2024-08-02 08:09:17
318,Matson: Q2 Earnings Snapshot - The Washington Post,HONOLULU — HONOLULU — Matson Inc. (MATX) on Thursday reported net income of $113.2 million in its second quarter. The Honolulu-based company said ...,www.washingtonpost.com,2024-08-02 00:42:20+00:00,2024-08-02 08:09:17
319,Chansky's Notebook: The Matson Deal - Chapelboro.com,"Back in 2021, Marc Pons of Chapel Hill Tire said his young daughter was a big field hockey fan and asked if his company could do something – anything ...",chapelboro.com,2024-08-02 15:16:37+00:00,2024-08-02 17:09:19
320,SEC Charges Barred Broker with $1.5M Ponzi Scheme - Financial Advisor IQ,"... company, Manhattan Beach, California–based South Bay Acquisitions, that were functionally promissory notes, with Matson and his firm promising 12 ...",www.financialadvisoriq.com,2024-08-02 12:45:39+00:00,2024-08-02 17:09:19
321,"Chairman &amp; CEO Cox Matthew J sold $1,000,303 worth of shares (7,500 units at $133.37 ...","1, 2024 /PRNewswire/ -- Matson, Inc. (""Matson"" or the ""Company"") (NYSE:MATX), a leading U.S. carrier in the Pacific, today reported net income of ...",quantisnow.com,2024-08-02 10:17:33+00:00,2024-08-02 17:09:19
322,Holly forced to pay settlement in FOIA lawsuit - The Oakland Press,Matson said she negotiated with the village on her own for months ... The company also paid Young to represent the village in the case. The ...,www.theoaklandpress.com,2024-08-02 10:03:52+00:00,2024-08-02 17:09:19
323,"Matson earnings beat by $0.49, revenue topped estimates - Investing.com","Company News. ⛔ Stop guessing ⛔ Use our free stock screener to find ... Check out Matson's recent earnings performance, and Matson's financials here.",www.investing.com,2024-08-02 04:18:37+00:00,2024-08-02 17:09:19
324,InMode's Hold Rating Amid Decelerating Growth and Economic Headwinds,Michael Matson has given his Hold rating due to a combination of factors impacting InMode's performance and outlook. The company's second-quarter ...,markets.businessinsider.com,2024-08-02 03:34:48+00:00,2024-08-02 17:09:19
325,"Form 10-Q Matson, Inc. For: Jun 30 - StreetInsider","Matson, Inc. (Exact name of registrant as specified in its charter) ... company, or an emerging growth company. See the definitions of “large ...",www.streetinsider.com,2024-08-02 16:11:24+00:00,2024-08-02 19:09:06
326,Matson Executives Sell Shares Under Rule 10b5-1 Plans - TradingView,"Following the transaction, Wine directly owns 95,450 shares of the company. The sale was conducted under a Rule 10b5-1 trading plan adopted on ...",www.tradingview.com,2024-08-02 12:26:01+00:00,2024-08-02 19:09:06
327,"Matson, Inc. Announces Second Quarter 2024 Results | Hellenic Shipping News Worldwide",The Company's container volume in the second quarter 2024 also increased 3.0 percent year-over-year. The elevated freight rates were primarily due to ...,www.hellenicshippingnews.com,2024-08-02 21:13:48+00:00,2024-08-02 22:09:15
328,Matson's expedited China business fuels Q2 earnings gains | Journal of Commerce,Matson's second quarter financial rose well above both last year and the ... Company Logo. Your Opt Out Preference Signal is Honored. Privacy ...,www.joc.com,2024-08-02 19:14:52+00:00,2024-08-02 22:09:15
329,"Insider Selling: Matson, Inc. (NYSE:MATX) CFO Sells $468,480.56 in Stock - MarketBeat","Matson, Inc. (NYSE:MATX - Get Free Report) CFO Joel M. Wine sold 3524 shares of the company's stock in a transaction on Wednesday, July 31st.",www.marketbeat.com,2024-08-02 16:44:18+00:00,2024-08-02 22:09:15
330,Matson (NYSE:MATX) Shares Gap Up After Strong Earnings - MarketBeat,"lifted its position in shares of Matson by 5.8% in the 1st quarter. Astoria Portfolio Advisors LLC. now owns 2,089 shares of the shipping company's ...",www.marketbeat.com,2024-08-02 15:13:40+00:00,2024-08-02 22:09:15
331,Editorial cartoon: R.J. Matson on Trump's caricatures - Star Tribune,"Editorial cartoon: R.J. Matson on Trump's caricatures. By R.J. Matson. Cagle Cartoons. August 2, 2024 at 3:25PM. (R.J. Matson). Comments icon ...",www.startribune.com,2024-08-03 00:11:31+00:00,2024-08-03 02:09:07
332,"Insider Sale: EVP &amp; CFO Joel Wine Sells 3,524 Shares of Matson Inc (MATX)","On July 31, 2024, Joel Wine, Executive Vice President and Chief Financial Officer of Matson Inc (NYSE:MATX), executed a sale of 3524 shares of the ...",finance.yahoo.com,2024-08-02 23:16:38+00:00,2024-08-03 02:09:07
333,Resmed's Strong Financial and Market Performance Merits a Buy Rating,Analyst Michael Matson from Needham reiterated a Buy rating on Resmed (RMD – Research Report) and keeping the price target at $236.00. Mic...,markets.businessinsider.com,2024-08-02 19:16:40+00:00,2024-08-03 02:09:07
334,SEC Charges Barred Broker with $1.5M Ponzi Scheme - Financial Advisor IQ,Finra barred John Nicholas Matson in 2022 after a complaint from a customer related to a promissory note that Matson recommended but stopped ...,financialadvisoriq.com,2024-08-02 12:46:21+00:00,2024-08-03 02:09:07
335,Teleflex Q2 2024 Performance: A Cautious Hold Amid Modest Growth Prospects,"Needham analyst Michael Matson has maintained their neutral stance on TFX stock, giving a Hold rating today. Michael Matson has given his Hold ...",markets.businessinsider.com,2024-08-02 23:03:11+00:00,2024-08-03 04:09:08
336,Matson: Q2 Earnings Snapshot - Beaumont Enterprise,HONOLULU (AP) — HONOLULU (AP) — Matson Inc. (MATX) on Thursday reported net income of...,www.beaumontenterprise.com,2024-08-02 02:42:18+00:00,2024-08-03 08:09:07
